SZ000001,-3.73百亿
SZ000002,-3.57百亿
SZ000004,0.14亿
SZ000005,2.54亿
SZ000006,-43.13亿
SZ000007,-0.61亿
SZ000008,2.99亿
SZ000009,-36.06亿
SZ000010,0.56亿
SZ000011,-26.61亿
SZ000014,-0.65亿
SZ000017,--
SZ000018,--
SZ000019,6.86亿
SZ000020,0.44亿
SZ000021,-26.38亿
SZ000023,1.52亿
SZ000025,-0.4亿
SZ000026,3.46亿
SZ000027,-65.51亿
SZ000028,13.6亿
SZ000029,-19.72亿
SZ000030,6.28亿
SZ000031,-1.02百亿
SZ000032,1.94亿
SZ000034,-20.05亿
SZ000035,-14.09亿
SZ000036,-6.92亿
SZ000037,-0.64亿
SZ000038,-4.47亿
SZ000039,1.66百亿
SZ000040,-0.86亿
SZ000042,-9.62亿
SZ000045,-3.7亿
SZ000046,70.09亿
SZ000048,14.72亿
SZ000049,-4.86亿
SZ000050,1.42亿
SZ000055,-0.24亿
SZ000056,4.37亿
SZ000059,9.8亿
SZ000060,-32.08亿
SZ000061,9.83亿
SZ000063,95.29亿
SZ000065,4.69亿
SZ000066,-14.88亿
SZ000068,0.56亿
SZ000069,55.42亿
SZ000070,-8.52亿
SZ000078,5.16亿
SZ000089,-5.55亿
SZ000090,-38.0亿
SZ000096,0.11亿
SZ000099,2.58亿
SZ000100,-55.14亿
SZ000150,0.79亿
SZ000151,1.13亿
SZ000155,3.07亿
SZ000156,1.4亿
SZ000157,-24.12亿
SZ000158,-3.29亿
SZ000166,-2.72百亿
SZ000301,-3.77百亿
SZ000333,2.83百亿
SZ000338,59.76亿
SZ000400,8.37亿
SZ000401,26.46亿
SZ000402,-32.07亿
SZ000403,1.18亿
SZ000407,-0.24亿
SZ000408,25.62亿
SZ000409,-4.89百万
SZ000410,-2.93亿
SZ000411,1.24亿
SZ000413,8.09亿
SZ000416,--
SZ000417,7.96亿
SZ000419,4.05亿
SZ000420,0.92亿
SZ000422,36.61亿
SZ000423,21.17亿
SZ000425,28.99亿
SZ000426,4.3亿
SZ000428,-0.56亿
SZ000429,31.23亿
SZ000430,-1.61亿
SZ000488,48.39亿
SZ000498,-43.94亿
SZ000501,-27.55亿
SZ000503,-1.45亿
SZ000504,0.69亿
SZ000505,1.06亿
SZ000506,-0.31亿
SZ000507,4.45亿
SZ000509,-0.52亿
SZ000510,2.03亿
SZ000513,8.33亿
SZ000514,1.47亿
SZ000516,-8.32亿
SZ000517,47.45亿
SZ000518,1.85百万
SZ000519,7.33亿
SZ000520,--
SZ000521,-1.83亿
SZ000523,0.11亿
SZ000524,-1.56亿
SZ000525,2.35亿
SZ000526,-4.27亿
SZ000528,-8.78亿
SZ000529,1.09亿
SZ000530,-1.57亿
SZ000532,-0.84亿
SZ000534,-2.02亿
SZ000536,1.76亿
SZ000537,-1.14百亿
SZ000538,46.58亿
SZ000539,-1.18百亿
SZ000540,73.11亿
SZ000541,-8.97亿
SZ000543,-38.37亿
SZ000544,-30.55亿
SZ000545,1.28亿
SZ000546,-5.75亿
SZ000547,-5.42亿
SZ000548,-1.14亿
SZ000550,0.92亿
SZ000552,20.89亿
SZ000553,10.0亿
SZ000554,-1.52亿
SZ000555,2.05亿
SZ000557,1.57亿
SZ000558,-37.77万
SZ000559,11.31亿
SZ000560,35.69亿
SZ000561,-1.79亿
SZ000563,-26.02亿
SZ000564,-1.72亿
SZ000566,-2.44亿
SZ000568,56.65亿
SZ000570,-2.38亿
SZ000571,4.48亿
SZ000572,-2.79亿
SZ000573,0.18亿
SZ000576,1.06亿
SZ000581,-8.63亿
SZ000582,-27.8亿
SZ000584,-1.11亿
SZ000585,5.35百万
SZ000586,-8.72百万
SZ000587,--
SZ000589,-8.97亿
SZ000590,-0.35亿
SZ000591,12.62亿
SZ000592,0.17亿
SZ000594,--
SZ000595,-0.67亿
SZ000596,86.28亿
SZ000597,8.61亿
SZ000598,-10.81亿
SZ000599,-1.98亿
SZ000600,-27.34亿
SZ000601,-2.25亿
SZ000603,5.49亿
SZ000605,-0.9亿
SZ000607,2.47亿
SZ000609,--
SZ000610,-2.73亿
SZ000611,--
SZ000612,-2.28亿
SZ000613,5.76百万
SZ000615,-2.46亿
SZ000616,-0.5亿
SZ000617,5.74百亿
SZ000619,-5.65亿
SZ000620,25.42亿
SZ000622,0.78亿
SZ000623,-0.46亿
SZ000625,1.46百亿
SZ000626,-2.4亿
SZ000628,1.31亿
SZ000630,54.91亿
SZ000631,15.93亿
SZ000632,0.1亿
SZ000635,1.22亿
SZ000636,-16.82亿
SZ000638,-0.98亿
SZ000639,-3.73亿
SZ000650,1.95亿
SZ000651,34.39亿
SZ000655,3.42亿
SZ000656,1.86百亿
SZ000657,2.27亿
SZ000659,1.03亿
SZ000661,10.97亿
SZ000662,--
SZ000663,1.76亿
SZ000665,-2.49亿
SZ000666,34.52亿
SZ000667,9.16亿
SZ000668,0.6亿
SZ000669,0.79亿
SZ000670,-1.37亿
SZ000671,88.67亿
SZ000672,19.64亿
SZ000673,--
SZ000676,2.15亿
SZ000678,0.61亿
SZ000679,-0.62亿
SZ000680,-1.9亿
SZ000681,0.65亿
SZ000682,-2.2亿
SZ000683,30.26亿
SZ000685,3.01亿
SZ000686,40.62亿
SZ000687,--
SZ000688,-4.72亿
SZ000690,12.1亿
SZ000691,0.45亿
SZ000692,-2.75亿
SZ000693,-4.93百万
SZ000695,-0.76亿
SZ000697,-2.04亿
SZ000698,5.93亿
SZ000700,0.1亿
SZ000701,55.16亿
SZ000702,-1.66亿
SZ000703,-2.77亿
SZ000705,-0.45亿
SZ000707,7.59亿
SZ000708,96.52亿
SZ000709,66.09亿
SZ000710,-1.88亿
SZ000711,0.7亿
SZ000712,-10.87亿
SZ000713,-0.64亿
SZ000715,0.54亿
SZ000716,3.01亿
SZ000718,5.15亿
SZ000719,12.63亿
SZ000720,-3.69亿
SZ000721,-2.24亿
SZ000722,-1.97亿
SZ000723,34.49亿
SZ000725,3.25百亿
SZ000726,1.89百万
SZ000728,3.43亿
SZ000729,11.22亿
SZ000731,8.96亿
SZ000732,13.92亿
SZ000733,8.29亿
SZ000735,6.37亿
SZ000736,4.98亿
SZ000737,13.14亿
SZ000738,1.28亿
SZ000739,-1.6亿
SZ000748,1.66亿
SZ000750,1.64百亿
SZ000751,-0.46亿
SZ000752,0.55亿
SZ000753,-6.89亿
SZ000755,13.84亿
SZ000756,-1.07亿
SZ000757,0.95亿
SZ000758,2.07亿
SZ000759,3.58亿
SZ000761,6.54亿
SZ000766,1.21亿
SZ000767,4.34亿
SZ000768,-1.38百亿
SZ000776,-1.12百亿
SZ000777,-0.92亿
SZ000778,-4.24亿
SZ000779,-0.26亿
SZ000782,-0.17亿
SZ000783,1.17百亿
SZ000785,47.96亿
SZ000786,17.68亿
SZ000788,0.28亿
SZ000789,8.78亿
SZ000793,-2.39亿
SZ000795,-3.56亿
SZ000796,-1.04亿
SZ000797,4.83亿
SZ000798,0.52亿
SZ000799,12.27亿
SZ000800,63.86亿
SZ000801,2.99亿
SZ000802,-5.13亿
SZ000803,-2.97亿
SZ000806,-0.69亿
SZ000809,0.88亿
SZ000810,-1.2亿
SZ000812,0.51亿
SZ000813,-1.02亿
SZ000815,-0.69亿
SZ000816,-0.68亿
SZ000818,5.04亿
SZ000819,-3.91亿
SZ000820,--
SZ000821,3.16亿
SZ000822,7.66亿
SZ000823,-1.58亿
SZ000825,1.1百亿
SZ000826,-2.66亿
SZ000828,-44.86亿
SZ000829,-23.28亿
SZ000830,49.63亿
SZ000831,-3.5亿
SZ000833,-1.94百万
SZ000835,16.91万
SZ000836,-1.51亿
SZ000837,1.77亿
SZ000838,21.67亿
SZ000839,2.14亿
SZ000848,6.35亿
SZ000850,4.17百万
SZ000851,-3.79亿
SZ000852,0.56亿
SZ000858,1.63百亿
SZ000859,-2.33亿
SZ000860,-2.56亿
SZ000861,3.82亿
SZ000863,0.51亿
SZ000868,-2.96亿
SZ000875,-42.92亿
SZ000876,-1.2百亿
SZ000877,79.52亿
SZ000878,55.63亿
SZ000880,-0.3亿
SZ000881,1.46亿
SZ000882,7.22亿
SZ000883,12.83亿
SZ000885,-28.95亿
SZ000886,-1.31亿
SZ000887,-0.2亿
SZ000888,0.4亿
SZ000889,-1.09亿
SZ000892,0.69亿
SZ000893,0.15亿
SZ000895,0.84亿
SZ000897,10.98亿
SZ000898,81.88亿
SZ000899,-12.55亿
SZ000900,30.3亿
SZ000901,-3.03亿
SZ000902,-10.02亿
SZ000903,-16.44亿
SZ000905,2.3亿
SZ000906,-12.95亿
SZ000908,-0.25亿
SZ000909,-1.83亿
SZ000910,4.93亿
SZ000911,-10.41亿
SZ000912,7.42亿
SZ000913,1.22百万
SZ000915,7.85亿
SZ000917,0.69亿
SZ000918,5.05亿
SZ000919,-0.68亿
SZ000921,30.7亿
SZ000922,-0.43亿
SZ000923,17.21亿
SZ000925,1.55亿
SZ000926,27.7亿
SZ000927,-17.55亿
SZ000928,11.41亿
SZ000929,-2.55亿
SZ000930,31.86亿
SZ000932,51.25亿
SZ000933,97.48亿
SZ000935,3.49亿
SZ000936,-2.22亿
SZ000937,27.57亿
SZ000938,-41.92亿
SZ000948,-13.3亿
SZ000949,6.75亿
SZ000950,-8.41亿
SZ000951,43.43亿
SZ000952,-0.72亿
SZ000953,3.21百万
SZ000955,0.38亿
SZ000957,6.37亿
SZ000958,-14.42亿
SZ000959,1.09百亿
SZ000960,17.47亿
SZ000961,1.52百亿
SZ000962,7.59百万
SZ000963,18.97亿
SZ000965,18.78亿
SZ000966,-14.68亿
SZ000968,1.05亿
SZ000969,2.64亿
SZ000970,-13.34亿
SZ000971,-2.39亿
SZ000972,-1.2亿
SZ000973,2.1亿
SZ000975,12.76亿
SZ000976,13.27亿
SZ000977,-2.28百亿
SZ000978,-1.02亿
SZ000980,-13.54亿
SZ000981,-12.13亿
SZ000982,-1.64亿
SZ000983,1.14百亿
SZ000985,0.17亿
SZ000988,-1.84亿
SZ000989,2.76亿
SZ000990,11.37亿
SZ000993,7.18亿
SZ000995,-0.12亿
SZ000997,10.02亿
SZ000998,8.48亿
SZ002001,15.37亿
SZ002002,-1.14亿
SZ002003,1.3亿
SZ002004,2.6亿
SZ002005,-0.32亿
SZ002006,2.13亿
SZ002007,4.74亿
SZ002008,-3.16亿
SZ002009,-2.59亿
SZ002010,-19.01亿
SZ002011,4.7亿
SZ002012,2.47亿
SZ002013,40.42亿
SZ002015,2.44亿
SZ002016,-3.51亿
SZ002017,1.24亿
SZ002019,-4.19亿
SZ002020,-2.58亿
SZ002021,1.62亿
SZ002022,2.33亿
SZ002025,0.6亿
SZ002026,-0.23亿
SZ002028,-0.41亿
SZ002029,3.9亿
SZ002030,26.82亿
SZ002031,-2.27亿
SZ002032,16.29亿
SZ002033,-2.27亿
SZ002034,-0.6亿
SZ002035,2.19亿
SZ002036,-3.29亿
SZ002037,-3.13亿
SZ002038,2.31亿
SZ002040,2.46亿
SZ002041,1.26亿
SZ002042,-0.88亿
SZ002043,5.86亿
SZ002044,18.7亿
SZ002045,-2.76亿
SZ002046,1.39亿
SZ002047,-4.41亿
SZ002048,12.7亿
SZ002049,6.67亿
SZ002050,-6.17亿
SZ002051,-1.63百万
SZ002052,-0.59亿
SZ002053,-1.92百万
SZ002054,-9.62亿
SZ002055,3.04亿
SZ002056,0.11亿
SZ002057,-1.93亿
SZ002058,-0.16亿
SZ002059,-9.42亿
SZ002060,2.01亿
SZ002062,6.18亿
SZ002063,-0.44亿
SZ002064,35.98亿
SZ002066,1.95亿
SZ002068,-1.55亿
SZ002069,0.63亿
SZ002070,-0.47亿
SZ002072,--
SZ002074,-58.23亿
SZ002075,17.93亿
SZ002076,1.56百万
SZ002077,1.26亿
SZ002079,-1.75亿
SZ002080,6.03亿
SZ002081,10.95亿
SZ002082,-0.7亿
SZ002083,-0.24亿
SZ002084,-2.12亿
SZ002085,1.04亿
SZ002086,-0.13亿
SZ002087,0.82亿
SZ002088,4.05亿
SZ002089,1.52亿
SZ002091,-2.52亿
SZ002092,8.62亿
SZ002093,-0.61亿
SZ002094,-1.9亿
SZ002095,-0.86亿
SZ002096,-1.08亿
SZ002097,-19.18亿
SZ002098,0.64亿
SZ002099,-1.07亿
SZ002100,-15.42亿
SZ002101,3.22亿
SZ002102,0.97亿
SZ002103,0.36亿
SZ002104,-9.21百万
SZ002106,5.05亿
SZ002108,0.99亿
SZ002109,7.56亿
SZ002110,12.64亿
SZ002111,-1.0亿
SZ002112,-0.12亿
SZ002113,80.14万
SZ002114,-0.3亿
SZ002116,3.69亿
SZ002117,1.37亿
SZ002118,-7.28亿
SZ002119,1.01亿
SZ002120,-40.04亿
SZ002121,-2.05亿
SZ002123,-4.15亿
SZ002124,-33.86亿
SZ002127,0.12亿
SZ002128,42.01亿
SZ002129,-45.53亿
SZ002130,3.36亿
SZ002131,-1.09亿
SZ002132,-13.22亿
SZ002133,-12.71亿
SZ002135,-9.38亿
SZ002136,1.33亿
SZ002138,-4.6亿
SZ002139,-8.16亿
SZ002140,3.2亿
SZ002142,9.61百亿
SZ002144,-0.53亿
SZ002145,9.6亿
SZ002146,2.34百亿
SZ002147,4.28亿
SZ002150,-0.45亿
SZ002151,-2.05亿
SZ002152,10.64亿
SZ002154,3.38亿
SZ002155,1.27亿
SZ002156,-42.12亿
SZ002157,-50.45亿
SZ002158,2.23亿
SZ002160,-2.29亿
SZ002161,-0.27亿
SZ002162,0.48亿
SZ002163,-1.5亿
SZ002164,0.58亿
SZ002165,3.6亿
SZ002166,-0.74亿
SZ002167,0.59亿
SZ002169,-0.33亿
SZ002170,-2.67亿
SZ002171,-10.09亿
SZ002172,-8.64亿
SZ002173,-1.23亿
SZ002174,0.74亿
SZ002175,-0.11亿
SZ002176,6.76亿
SZ002177,-0.75亿
SZ002178,-0.24亿
SZ002180,16.53亿
SZ002182,-6.84亿
SZ002183,5.06亿
SZ002184,1.14亿
SZ002185,-28.12亿
SZ002186,-1.28亿
SZ002187,4.04亿
SZ002188,-3.17百万
SZ002189,3.42亿
SZ002190,-0.22亿
SZ002191,4.97亿
SZ002192,0.42亿
SZ002193,0.74亿
SZ002194,1.65亿
SZ002197,0.56亿
SZ002199,-0.39亿
SZ002200,0.47亿
SZ002201,-0.38亿
SZ002202,-65.89亿
SZ002203,-44.76亿
SZ002204,11.6亿
SZ002205,0.49亿
SZ002206,-3.16亿
SZ002207,-0.6亿
SZ002208,-45.43亿
SZ002210,-1.1亿
SZ002211,1.02亿
SZ002212,-4.31亿
SZ002214,-2.09亿
SZ002215,-5.76亿
SZ002216,9.07亿
SZ002217,0.87亿
SZ002218,1.36亿
SZ002219,0.64亿
SZ002222,0.94亿
SZ002223,12.97亿
SZ002224,0.39亿
SZ002225,-5.72亿
SZ002226,3.12亿
SZ002227,-0.85亿
SZ002229,0.29亿
SZ002230,-13.88亿
SZ002232,-0.92亿
SZ002234,-4.65亿
SZ002235,-0.61亿
SZ002236,-6.68亿
SZ002238,1.68亿
SZ002239,0.84亿
SZ002240,-0.67亿
SZ002241,20.95亿
SZ002242,5.43亿
SZ002243,-10.96亿
SZ002244,-1.01百亿
SZ002245,-4.55亿
SZ002246,0.79亿
SZ002248,1.74百万
SZ002249,4.53亿
SZ002250,-6.08亿
SZ002251,-0.26亿
SZ002252,11.72亿
SZ002253,-0.52亿
SZ002254,-3.49亿
SZ002256,-1.25亿
SZ002258,5.38亿
SZ002259,1.01亿
SZ002260,-1.34亿
SZ002261,1.93百万
SZ002262,5.05亿
SZ002263,1.93亿
SZ002265,0.4亿
SZ002266,-17.86亿
SZ002267,1.04亿
SZ002268,7.99亿
SZ002269,0.32亿
SZ002270,2.61亿
SZ002271,-37.39亿
SZ002272,-1.02亿
SZ002273,-4.19亿
SZ002274,15.11亿
SZ002276,-3.67亿
SZ002277,7.18亿
SZ002278,-3.99百万
SZ002279,1.82亿
SZ002280,-5.62亿
SZ002281,1.17亿
SZ002282,0.4亿
SZ002283,2.94亿
SZ002284,3.01亿
SZ002285,10.72亿
SZ002286,-1.49亿
SZ002287,7.33亿
SZ002288,0.26亿
SZ002289,-0.28亿
SZ002290,2.14亿
SZ002291,-4.03亿
SZ002292,-2.4亿
SZ002293,6.12亿
SZ002294,7.26亿
SZ002295,1.74亿
SZ002297,-1.43亿
SZ002299,-1.13亿
SZ002301,0.82亿
SZ002302,-3.94亿
SZ002303,1.73亿
SZ002304,88.55亿
SZ002305,12.85亿
SZ002306,-0.22亿
SZ002307,-43.69亿
SZ002308,0.92亿
SZ002309,5.05百万
SZ002310,-0.34亿
SZ002312,0.49亿
SZ002313,1.3亿
SZ002314,-14.88亿
SZ002315,4.59亿
SZ002316,9.27百万
SZ002317,4.0亿
SZ002318,-3.06亿
SZ002319,0.16亿
SZ002320,-8.72亿
SZ002322,2.48亿
SZ002323,-2.72亿
SZ002325,0.98亿
SZ002326,0.42亿
SZ002327,7.31亿
SZ002328,0.43亿
SZ002329,-4.07亿
SZ002330,-1.63亿
SZ002333,-4.74亿
SZ002335,3.32亿
SZ002336,-1.41亿
SZ002337,0.75亿
SZ002338,5.65百万
SZ002340,-47.62亿
SZ002341,0.25亿
SZ002345,2.79亿
SZ002346,-8.31亿
SZ002347,0.26亿
SZ002348,6.21百万
SZ002349,2.15亿
SZ002350,1.19亿
SZ002351,3.38亿
SZ002352,26.56亿
SZ002353,1.76亿
SZ002354,-0.72亿
SZ002356,-0.58亿
SZ002357,-0.82亿
SZ002358,7.01亿
SZ002359,8.95百万
SZ002360,-5.22亿
SZ002361,-2.19亿
SZ002362,-1.6亿
SZ002363,2.43亿
SZ002364,-0.17亿
SZ002365,1.05亿
SZ002366,-0.1亿
SZ002367,1.21亿
SZ002368,8.88亿
SZ002369,1.5亿
SZ002370,-0.24亿
SZ002371,-33.69亿
SZ002372,11.37亿
SZ002373,1.46亿
SZ002374,0.45亿
SZ002376,-3.76亿
SZ002377,-0.22亿
SZ002378,-0.91亿
SZ002381,-1.04亿
SZ002382,-6.39亿
SZ002383,-0.35亿
SZ002384,5.9亿
SZ002385,-14.95亿
SZ002386,10.25亿
SZ002387,-7.59亿
SZ002389,-3.25亿
SZ002390,2.65亿
SZ002391,-5.42亿
SZ002392,-0.83亿
SZ002394,-3.51亿
SZ002395,-1.16亿
SZ002396,-0.17亿
SZ002397,-1.3亿
SZ002398,2.04亿
SZ002400,0.79亿
SZ002401,1.65亿
SZ002402,-1.0亿
SZ002403,-0.63亿
SZ002404,-3.72亿
SZ002405,-2.9亿
SZ002406,1.67亿
SZ002407,5.85亿
SZ002408,-39.03亿
SZ002409,-3.23亿
SZ002410,5.63亿
SZ002411,4.07亿
SZ002412,-0.42亿
SZ002413,-2.59亿
SZ002414,2.91亿
SZ002415,74.13亿
SZ002416,-24.39亿
SZ002417,-0.11亿
SZ002418,-1.22亿
SZ002419,13.5亿
SZ002420,0.46亿
SZ002423,90.82亿
SZ002424,-1.11亿
SZ002425,-0.46亿
SZ002426,-3.72亿
SZ002427,-6.26百万
SZ002428,-0.81亿
SZ002429,9.69亿
SZ002430,-1.88亿
SZ002431,-2.31亿
SZ002432,1.29百亿
SZ002433,6.18亿
SZ002434,0.37亿
SZ002435,6.46亿
SZ002436,-6.52亿
SZ002438,-4.8亿
SZ002439,-0.17亿
SZ002440,8.75亿
SZ002441,-2.85亿
SZ002442,2.14亿
SZ002443,0.36亿
SZ002444,-3.46亿
SZ002445,-0.59亿
SZ002446,-0.73亿
SZ002448,0.35亿
SZ002449,1.87亿
SZ002451,-3.81亿
SZ002453,1.59亿
SZ002454,1.94亿
SZ002455,-16.76亿
SZ002457,-1.2亿
SZ002458,-7.5亿
SZ002459,-32.05亿
SZ002460,5.24亿
SZ002461,3.64亿
SZ002463,7.79亿
SZ002464,1.09亿
SZ002465,1.45亿
SZ002466,44.73亿
SZ002467,0.4亿
SZ002468,1.85亿
SZ002470,4.07亿
SZ002472,-5.29亿
SZ002473,-1.05亿
SZ002474,-0.97亿
SZ002475,-53.0亿
SZ002476,-1.92亿
SZ002477,-0.12亿
SZ002478,-5.23亿
SZ002480,-0.23亿
SZ002482,-18.06亿
SZ002484,-1.67亿
SZ002485,1.25亿
SZ002486,-0.92亿
SZ002487,-9.5亿
SZ002488,-4.75亿
SZ002489,0.36亿
SZ002490,1.07亿
SZ002491,2.65亿
SZ002493,-8.78亿
SZ002494,-0.88亿
SZ002495,0.58亿
SZ002496,-0.56亿
SZ002497,7.54亿
SZ002498,-4.04亿
SZ002499,--
SZ002500,21.94亿
SZ002501,-6.06亿
SZ002502,-3.13亿
SZ002503,-5.41亿
SZ002504,--
SZ002506,-4.44亿
SZ002507,7.65亿
SZ002508,8.74亿
SZ002511,6.95亿
SZ002512,-2.18亿
SZ002513,-0.63亿
SZ002515,2.41亿
SZ002516,1.43亿
SZ002517,6.26亿
SZ002519,-1.85亿
SZ002521,0.17亿
SZ002522,-0.8亿
SZ002523,1.01亿
SZ002526,-1.69亿
SZ002527,-2.71亿
SZ002528,-8.31百万
SZ002529,-0.55亿
SZ002530,-1.61亿
SZ002531,-3.96亿
SZ002532,25.02亿
SZ002533,3.48亿
SZ002534,-3.54亿
SZ002535,4.33亿
SZ002536,1.23亿
SZ002537,0.7亿
SZ002538,2.63亿
SZ002539,12.31亿
SZ002541,-19.65亿
SZ002542,1.18亿
SZ002543,1.16亿
SZ002544,-0.49亿
SZ002545,5.38亿
SZ002546,0.27亿
SZ002547,-0.8亿
SZ002548,-0.94亿
SZ002550,2.08亿
SZ002552,0.12亿
SZ002553,0.38亿
SZ002555,32.72亿
SZ002556,9.89亿
SZ002557,8.18亿
SZ002558,3.85亿
SZ002559,0.67亿
SZ002560,-2.51亿
SZ002561,0.74亿
SZ002562,-1.48亿
SZ002563,11.4亿
SZ002566,1.05亿
SZ002567,-44.6亿
SZ002568,1.63亿
SZ002569,--
SZ002570,1.13亿
SZ002571,-5.91亿
SZ002572,-2.03亿
SZ002574,4.07亿
SZ002576,-0.59亿
SZ002578,-1.41亿
SZ002579,-10.14亿
SZ002580,-1.94亿
SZ002581,-1.11亿
SZ002582,-2.0亿
SZ002583,1.28亿
SZ002585,2.14亿
SZ002588,11.01亿
SZ002589,0.81亿
SZ002591,-1.38亿
SZ002592,0.34亿
SZ002593,-1.11亿
SZ002594,3.07百亿
SZ002595,0.33亿
SZ002596,0.62亿
SZ002597,5.37亿
SZ002598,9.75百万
SZ002599,-0.22亿
SZ002600,-36.21亿
SZ002601,2.77亿
SZ002602,-1.2亿
SZ002603,5.75亿
SZ002604,0.73亿
SZ002605,3.78亿
SZ002606,-0.88亿
SZ002607,-18.54亿
SZ002608,-12.83亿
SZ002609,-3.25亿
SZ002610,-1.1亿
SZ002611,2.5亿
SZ002612,1.9亿
SZ002613,-1.2亿
SZ002614,-3.79亿
SZ002615,2.14亿
SZ002616,-3.29亿
SZ002618,-3.25百万
SZ002619,6.02亿
SZ002621,0.33亿
SZ002622,-0.18亿
SZ002623,-4.69亿
SZ002625,-5.35亿
SZ002626,4.78亿
SZ002627,2.12亿
SZ002628,-5.84百万
SZ002629,-0.3亿
SZ002633,-0.48亿
SZ002634,-0.24亿
SZ002635,-4.64亿
SZ002636,1.66亿
SZ002637,-0.91亿
SZ002638,-1.52亿
SZ002639,-2.2亿
SZ002640,-6.0亿
SZ002641,-4.41亿
SZ002642,6.29百万
SZ002643,0.61亿
SZ002645,-0.42亿
SZ002646,-0.44亿
SZ002647,0.53亿
SZ002648,23.05亿
SZ002649,2.83亿
SZ002650,-0.48亿
SZ002651,0.17亿
SZ002652,-2.54亿
SZ002653,-7.15亿
SZ002654,-0.42亿
SZ002655,0.45亿
SZ002657,-0.78亿
SZ002658,1.69亿
SZ002659,1.31亿
SZ002660,-0.41亿
SZ002661,-1.4亿
SZ002663,3.91亿
SZ002664,-6.12亿
SZ002665,-4.41亿
SZ002666,-3.62百万
SZ002667,-2.59亿
SZ002668,6.93亿
SZ002669,-0.1亿
SZ002670,-7.48亿
SZ002671,-1.29亿
SZ002672,-4.69亿
SZ002673,-1.18百亿
SZ002675,2.95亿
SZ002677,6.31亿
SZ002679,0.35亿
SZ002682,8.36亿
SZ002684,0.59亿
SZ002685,-2.06亿
SZ002686,-1.06亿
SZ002687,2.26亿
SZ002688,-1.61亿
SZ002689,-0.99亿
SZ002690,3.88亿
SZ002691,-6.85百万
SZ002692,1.69亿
SZ002693,-0.23亿
SZ002694,-0.16亿
SZ002695,1.73亿
SZ002696,-0.58亿
SZ002697,10.74亿
SZ002698,3.25亿
SZ002699,0.9亿
SZ002700,0.35亿
SZ002701,0.15亿
SZ002702,-2.42亿
SZ002705,-3.85亿
SZ002706,-1.15亿
SZ002707,--
SZ002708,-2.48亿
SZ002709,4.52亿
SZ002711,--
SZ002712,0.51亿
SZ002713,-1.01亿
SZ002714,-1.58百亿
SZ002715,-0.43亿
SZ002716,-3.99亿
SZ002717,4.73亿
SZ002718,-0.18亿
SZ002719,-0.79亿
SZ002721,2.06亿
SZ002722,0.74亿
SZ002723,-2.26亿
SZ002724,1.2亿
SZ002725,-0.18亿
SZ002726,-11.71亿
SZ002727,12.95亿
SZ002728,0.98亿
SZ002729,7.19百万
SZ002730,-0.53亿
SZ002731,-0.43亿
SZ002732,0.74亿
SZ002733,-2.96亿
SZ002734,-7.16亿
SZ002735,0.45亿
SZ002737,9.25亿
SZ002738,4.99亿
SZ002740,-0.18亿
SZ002741,-0.26亿
SZ002742,-4.42百万
SZ002743,-3.75亿
SZ002745,19.15亿
SZ002746,-6.91亿
SZ002747,1.31亿
SZ002748,2.89亿
SZ002749,1.29亿
SZ002750,-98.92万
SZ002751,-3.97亿
SZ002752,-4.8亿
SZ002753,-2.26亿
SZ002755,4.3亿
SZ002756,9.55亿
SZ002757,0.67亿
SZ002758,21.23亿
SZ002759,7.99亿
SZ002760,0.92亿
SZ002761,-12.96亿
SZ002762,0.13亿
SZ002763,4.12亿
SZ002765,1.2亿
SZ002766,-0.21亿
SZ002767,-0.31亿
SZ002768,1.25亿
SZ002770,-0.1亿
SZ002772,-6.63亿
SZ002773,0.91亿
SZ002774,3.43亿
SZ002775,-10.02亿
SZ002776,-7.68百万
SZ002777,0.51亿
SZ002778,0.13亿
SZ002779,-0.11亿
SZ002780,-0.55亿
SZ002781,0.38亿
SZ002782,-1.58亿
SZ002783,-9.64百万
SZ002785,6.24百万
SZ002786,-4.07亿
SZ002787,0.74亿
SZ002788,-5.28亿
SZ002789,-1.03亿
SZ002790,-3.16百万
SZ002791,0.85亿
SZ002792,-0.72亿
SZ002793,-7.94亿
SZ002795,1.41亿
SZ002796,-2.82亿
SZ002797,-10.36亿
SZ002798,-7.5亿
SZ002799,0.68亿
SZ002800,0.64亿
SZ002801,1.81亿
SZ002802,1.09亿
SZ002803,-0.36亿
SZ002805,-6.58亿
SZ002806,-0.3亿
SZ002807,-0.62亿
SZ002808,0.12亿
SZ002809,0.74亿
SZ002810,-4.12亿
SZ002811,2.46亿
SZ002812,-35.29亿
SZ002813,--
SZ002815,1.92亿
SZ002817,0.5亿
SZ002818,4.93亿
SZ002819,0.35亿
SZ002820,0.16亿
SZ002821,-18.32亿
SZ002822,-8.52亿
SZ002823,-0.91亿
SZ002824,-2.54亿
SZ002825,-0.44亿
SZ002826,1.07亿
SZ002827,-0.74亿
SZ002828,-0.69亿
SZ002829,0.22亿
SZ002830,-0.25亿
SZ002831,-2.8亿
SZ002833,1.1亿
SZ002835,-0.62亿
SZ002836,0.44亿
SZ002837,3.11亿
SZ002838,-3.64亿
SZ002839,-9.59亿
SZ002840,-18.11亿
SZ002841,15.38亿
SZ002842,0.62亿
SZ002843,1.18亿
SZ002845,3.41亿
SZ002846,-3.26亿
SZ002847,2.35亿
SZ002848,-0.1亿
SZ002849,-0.14亿
SZ002850,-10.7亿
SZ002851,-2.5亿
SZ002852,-10.69亿
SZ002853,-2.84亿
SZ002855,0.8亿
SZ002856,--
SZ002857,0.45亿
SZ002858,0.34亿
SZ002859,-4.02亿
SZ002860,0.45亿
SZ002861,-1.23亿
SZ002862,-0.42亿
SZ002863,-4.61亿
SZ002864,0.68亿
SZ002865,5.28亿
SZ002866,-1.24亿
SZ002867,11.4亿
SZ002868,-2.72亿
SZ002869,-0.31亿
SZ002870,1.14亿
SZ002871,0.19亿
SZ002872,-0.41亿
SZ002873,-0.29亿
SZ002875,-1.08亿
SZ002876,-0.65亿
SZ002877,-1.55亿
SZ002878,2.33亿
SZ002879,-0.61亿
SZ002880,-0.4亿
SZ002881,-1.09亿
SZ002882,-7.32亿
SZ002883,2.24百万
SZ002884,2.12亿
SZ002885,-1.36亿
SZ002886,-3.88亿
SZ002887,-1.52亿
SZ002888,-0.71亿
SZ002889,1.22亿
SZ002890,-0.21亿
SZ002891,-1.04亿
SZ002892,-1.17亿
SZ002893,0.95亿
SZ002895,-17.51亿
SZ002896,-0.71亿
SZ002897,-6.37亿
SZ002898,-0.22亿
SZ002899,-4.64亿
SZ002900,-0.34亿
SZ002901,2.48亿
SZ002902,-1.46亿
SZ002903,1.68亿
SZ002905,0.31亿
SZ002906,2.7亿
SZ002907,0.33亿
SZ002908,-0.54亿
SZ002909,-2.44亿
SZ002910,-1.72亿
SZ002911,-8.99亿
SZ002912,-1.63亿
SZ002913,-4.8亿
SZ002915,0.89亿
SZ002916,-3.92亿
SZ002917,-0.98亿
SZ002918,-9.25亿
SZ002919,0.27亿
SZ002920,3.47亿
SZ002921,-2.24亿
SZ002922,-2.02亿
SZ002923,-2.04亿
SZ002925,5.05亿
SZ002926,23.66亿
SZ002927,0.27亿
SZ002928,-0.2亿
SZ002929,-13.84亿
SZ002930,1.3亿
SZ002931,-0.91亿
SZ002932,10.15亿
SZ002933,1.35亿
SZ002935,1.42亿
SZ002936,-6.01百亿
SZ002937,6.11百万
SZ002938,-5.71亿
SZ002939,-8.9亿
SZ002940,1.45亿
SZ002941,12.11亿
SZ002942,0.75亿
SZ002943,-1.35亿
SZ002945,-36.94亿
SZ002946,2.6亿
SZ002947,-2.1亿
SZ002948,1.39百亿
SZ002949,2.43亿
SZ002950,5.13亿
SZ002951,-0.14亿
SZ002952,-1.93亿
SZ002953,-3.34亿
SZ002955,-0.97亿
SZ002956,-8.45百万
SZ002957,-1.52亿
SZ002958,66.99亿
SZ002959,-0.42亿
SZ002960,0.6亿
SZ002961,-0.25亿
SZ002962,0.56亿
SZ002963,-8.61百万
SZ002965,-3.77亿
SZ002966,-91.06亿
SZ002967,-0.55亿
SZ002968,2.25百万
SZ002969,-1.65亿
SZ002970,-4.11亿
SZ002971,-3.49亿
SZ002972,0.42亿
SZ002973,-4.69亿
SZ002975,0.14亿
SZ002976,-0.52亿
SZ002977,-0.99亿
SZ002978,12.57亿
SZ002979,-2.13亿
SZ002980,-0.16亿
SZ002981,-0.99亿
SZ002982,-5.35亿
SZ002983,-0.49亿
SZ002984,-4.96亿
SZ002985,-1.1亿
SZ002986,-4.62亿
SZ002987,-1.67亿
SZ002988,-8.26亿
SZ002989,3.54亿
SZ002990,1.09亿
SZ002991,-0.66亿
SZ002992,-5.06亿
SZ002993,-1.3亿
SZ002995,-2.05亿
SZ002996,-7.71亿
SZ002997,-2.99百万
SZ002998,-2.38亿
SZ300002,5.03亿
SZ300003,12.11亿
SZ300005,-0.4亿
SZ300006,0.49亿
SZ300007,-0.29亿
SZ300008,-3.03亿
SZ300009,4.71亿
SZ300010,-0.84亿
SZ300011,-0.74亿
SZ300012,3.88亿
SZ300013,0.89亿
SZ300014,-52.19亿
SZ300015,28.69亿
SZ300016,-0.46亿
SZ300017,3.24亿
SZ300018,0.2亿
SZ300019,-0.53亿
SZ300020,-0.97亿
SZ300021,0.17亿
SZ300022,0.87亿
SZ300023,-0.49亿
SZ300025,0.69亿
SZ300026,-3.17亿
SZ300027,-2.61亿
SZ300028,-1.02百万
SZ300029,--
SZ300030,0.36亿
SZ300031,-0.81亿
SZ300032,-2.34亿
SZ300033,17.72亿
SZ300034,-2.86亿
SZ300036,0.39亿
SZ300038,1.02亿
SZ300040,-1.88亿
SZ300041,-2.03亿
SZ300042,0.46亿
SZ300043,-2.05亿
SZ300044,3.79亿
SZ300045,0.47亿
SZ300046,0.2亿
SZ300047,-0.3亿
SZ300048,2.69亿
SZ300049,1.2亿
SZ300050,0.42亿
SZ300051,3.5百万
SZ300054,-3.27亿
SZ300055,-0.25亿
SZ300057,-3.16亿
SZ300058,7.26亿
SZ300059,38.69亿
SZ300061,-0.26亿
SZ300062,-0.6亿
SZ300064,1.05亿
SZ300065,-0.73亿
SZ300066,0.4亿
SZ300067,-0.84亿
SZ300068,0.25亿
SZ300069,4.34百万
SZ300070,-15.91亿
SZ300071,0.46亿
SZ300072,3.85亿
SZ300073,6.39亿
SZ300074,0.47亿
SZ300075,0.39亿
SZ300076,0.8亿
SZ300077,0.33亿
SZ300078,-0.33亿
SZ300079,1.6亿
SZ300081,-1.16亿
SZ300082,3.31亿
SZ300083,1.3亿
SZ300084,0.68亿
SZ300085,-8.24百万
SZ300086,-2.75亿
SZ300087,2.96亿
SZ300088,2.69亿
SZ300091,-3.79亿
SZ300092,0.21亿
SZ300093,-5.14亿
SZ300094,1.38亿
SZ300095,-0.81亿
SZ300097,-1.1亿
SZ300098,1.26亿
SZ300100,0.78亿
SZ300101,-0.22亿
SZ300102,3.77亿
SZ300103,0.27亿
SZ300104,--
SZ300105,0.13亿
SZ300106,0.23亿
SZ300107,1.01亿
SZ300109,-3.97亿
SZ300110,-0.52亿
SZ300111,1.14亿
SZ300112,0.2亿
SZ300113,1.52亿
SZ300115,-27.68亿
SZ300116,0.37亿
SZ300118,-28.83亿
SZ300119,-0.41亿
SZ300120,2.81亿
SZ300122,34.52亿
SZ300123,-7.81亿
SZ300124,5.41亿
SZ300125,-0.56亿
SZ300126,-0.24亿
SZ300127,-7.92百万
SZ300128,0.53亿
SZ300129,-3.99亿
SZ300130,1.78亿
SZ300131,2.35亿
SZ300132,-2.8亿
SZ300133,8.57亿
SZ300134,-5.47亿
SZ300135,0.17亿
SZ300136,-0.5亿
SZ300137,1.14亿
SZ300138,-5.87亿
SZ300139,2.39亿
SZ300141,--
SZ300142,-2.63亿
SZ300143,0.52亿
SZ300144,1.34亿
SZ300145,1.08亿
SZ300146,14.68亿
SZ300147,-2.73亿
SZ300148,-9.53百万
SZ300149,0.93亿
SZ300150,0.13亿
SZ300151,-1.13亿
SZ300153,1.66亿
SZ300154,0.17亿
SZ300155,0.7亿
SZ300156,--
SZ300157,0.47亿
SZ300158,4.3亿
SZ300159,0.27亿
SZ300160,-0.52亿
SZ300161,-0.48亿
SZ300162,2.76百万
SZ300164,0.38亿
SZ300166,-5.21亿
SZ300167,2.8万
SZ300168,-2.01亿
SZ300169,-0.71亿
SZ300170,-1.9亿
SZ300171,4.26亿
SZ300172,8.34百万
SZ300173,-1.76亿
SZ300174,-0.18亿
SZ300175,0.69亿
SZ300177,-2.3亿
SZ300178,0.23亿
SZ300179,0.61亿
SZ300180,-1.06亿
SZ300181,0.74亿
SZ300182,11.94亿
SZ300183,1.17亿
SZ300184,-1.66亿
SZ300185,-6.18亿
SZ300187,-0.58亿
SZ300188,-2.36亿
SZ300189,-0.37亿
SZ300190,-2.78亿
SZ300191,-0.1亿
SZ300192,0.41亿
SZ300194,0.33亿
SZ300195,0.32亿
SZ300196,-2.08亿
SZ300197,-4.75亿
SZ300198,0.14亿
SZ300199,-0.69亿
SZ300200,1.36亿
SZ300201,-0.49亿
SZ300202,0.45亿
SZ300203,-1.81亿
SZ300204,-2.18亿
SZ300205,-1.35亿
SZ300206,1.18亿
SZ300207,-26.23亿
SZ300208,1.79亿
SZ300209,8.18百万
SZ300210,0.36亿
SZ300211,7.63百万
SZ300213,0.12亿
SZ300214,-0.96亿
SZ300215,4.22亿
SZ300217,-0.45亿
SZ300218,1.03亿
SZ300219,-0.78亿
SZ300220,-0.57亿
SZ300221,0.6亿
SZ300222,-0.16亿
SZ300223,4.13亿
SZ300224,-1.37亿
SZ300225,1.54亿
SZ300226,5.18亿
SZ300227,-0.54亿
SZ300228,3.25亿
SZ300229,-4.97亿
SZ300230,0.86亿
SZ300231,1.78亿
SZ300232,-4.72亿
SZ300233,-0.14亿
SZ300234,-0.39亿
SZ300235,4.03百万
SZ300236,-2.58亿
SZ300237,-1.23亿
SZ300238,1.13亿
SZ300239,9.57百万
SZ300240,0.53亿
SZ300243,-2.07亿
SZ300244,1.02亿
SZ300245,-0.52亿
SZ300246,-0.72亿
SZ300247,2.32百万
SZ300248,3.27百万
SZ300249,-0.57亿
SZ300250,-0.39亿
SZ300251,5.04亿
SZ300252,1.62亿
SZ300253,1.71亿
SZ300254,0.77亿
SZ300255,-6.57亿
SZ300256,-4.54亿
SZ300257,-9.14亿
SZ300258,-2.69亿
SZ300259,1.8亿
SZ300260,0.5亿
SZ300261,2.33亿
SZ300262,0.94亿
SZ300263,-0.78亿
SZ300264,-0.2亿
SZ300265,-1.82亿
SZ300266,-4.1亿
SZ300267,-1.42亿
SZ300269,1.17亿
SZ300271,-0.74亿
SZ300272,0.63亿
SZ300273,1.4亿
SZ300274,-26.9亿
SZ300275,-0.31亿
SZ300276,-0.27亿
SZ300277,-5.89百万
SZ300278,0.59亿
SZ300279,-0.37亿
SZ300280,--
SZ300281,0.23亿
SZ300282,-1.86亿
SZ300283,-0.36亿
SZ300284,1.1亿
SZ300285,0.31亿
SZ300286,1.4百万
SZ300288,0.45亿
SZ300289,0.66亿
SZ300291,1.88亿
SZ300292,2.06亿
SZ300293,-0.76亿
SZ300294,11.52亿
SZ300295,0.35亿
SZ300296,-2.16亿
SZ300297,-2.74亿
SZ300298,1.71亿
SZ300299,1.39亿
SZ300300,-0.58亿
SZ300301,-1.36亿
SZ300302,7.47百万
SZ300303,3.36亿
SZ300304,1.42亿
SZ300305,-2.36亿
SZ300306,0.56亿
SZ300307,-1.89亿
SZ300308,10.85亿
SZ300309,0.74亿
SZ300310,-0.86亿
SZ300311,-0.88亿
SZ300312,--
SZ300313,-0.14亿
SZ300314,0.81亿
SZ300316,-2.6亿
SZ300317,3.3亿
SZ300318,-3.6亿
SZ300319,0.19亿
SZ300320,-0.47亿
SZ300321,-61.97万
SZ300322,-1.25亿
SZ300323,-7.71亿
SZ300324,2.02亿
SZ300327,-1.14亿
SZ300328,-3.43亿
SZ300329,-1.82亿
SZ300330,--
SZ300331,-2.26亿
SZ300333,-0.32亿
SZ300334,0.52亿
SZ300335,-0.75亿
SZ300336,--
SZ300337,0.63亿
SZ300338,0.12亿
SZ300339,0.95亿
SZ300340,2.74亿
SZ300341,1.49亿
SZ300342,-4.07百万
SZ300343,3.42亿
SZ300344,-3.16亿
SZ300345,0.3亿
SZ300346,-5.38亿
SZ300347,11.89亿
SZ300348,-1.69亿
SZ300349,-2.49亿
SZ300350,-0.77亿
SZ300351,0.64亿
SZ300352,0.32亿
SZ300353,-0.52亿
SZ300354,0.29亿
SZ300355,3.0亿
SZ300356,0.21亿
SZ300357,1.85亿
SZ300358,1.54亿
SZ300359,0.54亿
SZ300360,-3.44百万
SZ300362,-1.71亿
SZ300363,-1.03亿
SZ300364,-0.48亿
SZ300365,-3.19亿
SZ300366,-1.18亿
SZ300367,--
SZ300368,1.13亿
SZ300369,-0.61亿
SZ300370,-0.2亿
SZ300371,-0.35亿
SZ300372,--
SZ300373,-6.66亿
SZ300374,-1.39亿
SZ300375,1.74亿
SZ300376,6.38亿
SZ300377,-0.8亿
SZ300378,1.93亿
SZ300379,0.97亿
SZ300380,-1.35亿
SZ300381,1.6亿
SZ300382,-1.93亿
SZ300383,-16.6亿
SZ300384,1.3亿
SZ300385,0.48亿
SZ300386,-6.57百万
SZ300387,0.69亿
SZ300389,0.94亿
SZ300390,3.61亿
SZ300391,0.25亿
SZ300392,--
SZ300393,-7.11亿
SZ300394,3.06亿
SZ300395,-1.12亿
SZ300396,1.04亿
SZ300397,-4.01亿
SZ300398,-1.32亿
SZ300399,--
SZ300400,-0.43亿
SZ300401,-0.83亿
SZ300403,0.21亿
SZ300404,-0.3亿
SZ300405,-0.12亿
SZ300406,2.8亿
SZ300407,-0.33亿
SZ300408,-6.27亿
SZ300409,0.1亿
SZ300410,0.36亿
SZ300411,-7.71百万
SZ300412,-1.33亿
SZ300413,-7.76亿
SZ300414,-0.53亿
SZ300415,-1.4亿
SZ300416,-2.28亿
SZ300417,0.19亿
SZ300418,12.93亿
SZ300419,-1.87亿
SZ300421,-1.34亿
SZ300422,-7.28亿
SZ300423,6.94亿
SZ300424,-0.65亿
SZ300425,-0.44亿
SZ300426,--
SZ300427,0.26亿
SZ300428,-23.43亿
SZ300429,-3.63亿
SZ300430,-0.79亿
SZ300431,4.74百万
SZ300432,-12.13亿
SZ300433,7.21亿
SZ300434,0.95亿
SZ300435,1.65亿
SZ300436,-2.47亿
SZ300437,1.84亿
SZ300438,-4.6亿
SZ300440,-0.53亿
SZ300441,-1.18亿
SZ300443,-2.9亿
SZ300444,-5.59亿
SZ300445,-0.92亿
SZ300446,-0.65亿
SZ300447,-2.22亿
SZ300448,0.24亿
SZ300449,--
SZ300450,-6.05亿
SZ300451,-0.61亿
SZ300452,0.82亿
SZ300453,1.69亿
SZ300454,3.07亿
SZ300455,0.38亿
SZ300456,-6.98亿
SZ300457,-9.6亿
SZ300458,-0.32亿
SZ300459,8.95亿
SZ300460,-4.8亿
SZ300461,0.18亿
SZ300462,0.89亿
SZ300463,10.37亿
SZ300464,-0.4亿
SZ300465,0.36亿
SZ300466,-0.27亿
SZ300468,-0.12亿
SZ300470,1.95亿
SZ300472,-2.47亿
SZ300473,-0.55亿
SZ300474,-0.33亿
SZ300475,-2.14亿
SZ300476,-2.11亿
SZ300477,-5.88亿
SZ300478,-0.52亿
SZ300479,6.0百万
SZ300480,-3.53百万
SZ300481,-0.66亿
SZ300482,-2.7亿
SZ300483,2.62亿
SZ300484,0.63亿
SZ300485,1.31亿
SZ300486,-0.49亿
SZ300487,2.7亿
SZ300488,0.69亿
SZ300489,-9.2亿
SZ300490,-7.9亿
SZ300491,-0.42亿
SZ300492,-4.36百万
SZ300493,-1.5亿
SZ300496,-3.96亿
SZ300497,-7.23亿
SZ300498,-87.0亿
SZ300499,0.42亿
SZ300500,0.54亿
SZ300501,-2.06亿
SZ300502,4.62百万
SZ300504,-3.78亿
SZ300505,-1.36亿
SZ300506,-0.69亿
SZ300507,0.22亿
SZ300508,-0.37亿
SZ300509,0.22亿
SZ300510,-1.57亿
SZ300511,-3.76亿
SZ300512,-0.96亿
SZ300513,-0.7亿
SZ300514,-0.44亿
SZ300515,-1.51百万
SZ300516,-0.52亿
SZ300517,-1.11亿
SZ300519,1.31亿
SZ300520,-3.13亿
SZ300521,7.79百万
SZ300522,-0.62亿
SZ300523,-0.81亿
SZ300525,0.91亿
SZ300526,-0.35亿
SZ300527,-5.53亿
SZ300529,6.34亿
SZ300530,-1.85亿
SZ300531,0.31亿
SZ300532,-1.62亿
SZ300533,2.77亿
SZ300534,0.5亿
SZ300535,-0.52亿
SZ300536,-1.11亿
SZ300537,-0.14亿
SZ300538,-1.95亿
SZ300539,0.12亿
SZ300542,-0.75亿
SZ300543,-1.8亿
SZ300545,-1.52亿
SZ300547,1.11亿
SZ300548,0.81亿
SZ300549,0.23亿
SZ300550,-1.4亿
SZ300551,-0.79亿
SZ300552,-0.45亿
SZ300553,-1.15亿
SZ300554,0.25亿
SZ300555,-0.84亿
SZ300556,0.4亿
SZ300557,0.27亿
SZ300558,-3.73亿
SZ300559,0.34亿
SZ300560,3.28亿
SZ300561,-0.61亿
SZ300562,12.18万
SZ300563,-0.34亿
SZ300564,1.29亿
SZ300566,-1.22亿
SZ300567,-10.28亿
SZ300568,-6.38亿
SZ300569,-10.84亿
SZ300570,0.12亿
SZ300571,-5.98亿
SZ300572,-2.41亿
SZ300573,2.34亿
SZ300575,-2.69亿
SZ300576,0.22亿
SZ300577,-1.11亿
SZ300578,0.52亿
SZ300579,-0.46亿
SZ300580,0.12亿
SZ300581,-0.3亿
SZ300582,0.53亿
SZ300583,-0.42亿
SZ300584,-1.4亿
SZ300585,4.35百万
SZ300586,-1.32亿
SZ300587,-0.16亿
SZ300588,9.46百万
SZ300589,0.11亿
SZ300590,-2.49亿
SZ300591,0.3亿
SZ300592,1.99亿
SZ300593,-1.29亿
SZ300594,-0.99亿
SZ300595,4.96亿
SZ300596,-2.01亿
SZ300597,-0.39亿
SZ300598,0.23亿
SZ300599,-2.6亿
SZ300601,-8.31亿
SZ300602,-5.19亿
SZ300603,-0.89亿
SZ300604,-2.87亿
SZ300605,-0.95亿
SZ300606,-0.24亿
SZ300607,-0.53亿
SZ300608,2.53百万
SZ300609,-9.71百万
SZ300610,1.13亿
SZ300611,-1.27亿
SZ300613,1.08亿
SZ300614,-0.45亿
SZ300615,49.59万
SZ300616,-1.56亿
SZ300617,-0.3亿
SZ300618,-10.57亿
SZ300619,-1.04亿
SZ300620,-1.34亿
SZ300621,2.51亿
SZ300622,1.56亿
SZ300623,-16.01亿
SZ300624,0.68亿
SZ300625,1.71亿
SZ300626,1.04亿
SZ300627,-3.99百万
SZ300628,8.55亿
SZ300629,0.99亿
SZ300630,-6.89亿
SZ300631,-0.25亿
SZ300632,-0.56亿
SZ300633,1.67亿
SZ300634,-0.2亿
SZ300635,0.86亿
SZ300636,-2.19亿
SZ300637,-0.68亿
SZ300638,-6.86亿
SZ300639,0.91亿
SZ300640,-0.98亿
SZ300641,1.35亿
SZ300642,0.61亿
SZ300643,4.46百万
SZ300645,-0.62亿
SZ300647,-1.52亿
SZ300648,-1.6亿
SZ300650,5.28亿
SZ300651,0.31亿
SZ300652,-57.97万
SZ300653,1.9亿
SZ300654,0.32亿
SZ300655,-0.14亿
SZ300656,0.47亿
SZ300657,-2.42亿
SZ300658,-2.98亿
SZ300659,-4.86亿
SZ300660,0.32亿
SZ300661,7.83亿
SZ300663,-1.66亿
SZ300664,-2.24亿
SZ300665,-1.43亿
SZ300666,-1.95亿
SZ300667,0.83亿
SZ300668,7.74百万
SZ300670,3.73百万
SZ300671,-0.44亿
SZ300672,-8.16亿
SZ300673,-2.81亿
SZ300674,0.77亿
SZ300675,-0.37亿
SZ300676,12.05亿
SZ300677,17.43亿
SZ300678,-0.14亿
SZ300679,2.95亿
SZ300680,-2.45亿
SZ300681,-3.29亿
SZ300682,-2.9亿
SZ300683,-2.5亿
SZ300684,-1.21亿
SZ300685,0.88亿
SZ300686,-0.29亿
SZ300687,0.27亿
SZ300688,0.15亿
SZ300689,0.37亿
SZ300690,0.24亿
SZ300691,-3.21亿
SZ300692,-4.12亿
SZ300693,-0.65亿
SZ300694,0.19亿
SZ300695,1.52亿
SZ300696,0.49亿
SZ300697,-1.07亿
SZ300698,0.16亿
SZ300699,6.62亿
SZ300700,-0.24亿
SZ300701,18.25万
SZ300702,-8.8亿
SZ300705,0.57亿
SZ300706,-0.57亿
SZ300707,-1.3亿
SZ300708,4.95百万
SZ300709,-0.43亿
SZ300710,0.46亿
SZ300711,0.5亿
SZ300712,1.2亿
SZ300713,-0.64亿
SZ300715,-7.44亿
SZ300716,0.42亿
SZ300717,0.18亿
SZ300718,-0.54亿
SZ300719,0.66亿
SZ300720,0.61亿
SZ300721,-0.5亿
SZ300722,0.61亿
SZ300723,-1.76亿
SZ300724,11.88亿
SZ300725,-4.97亿
SZ300726,0.54亿
SZ300727,-0.24亿
SZ300729,-1.07亿
SZ300730,-0.58亿
SZ300731,-0.2亿
SZ300732,-2.05亿
SZ300735,-3.33亿
SZ300737,-6.06亿
SZ300738,-12.98亿
SZ300739,-3.12亿
SZ300740,-4.49亿
SZ300741,8.68亿
SZ300742,-0.34亿
SZ300745,-2.09亿
SZ300746,0.92亿
SZ300747,-4.16亿
SZ300748,-9.7亿
SZ300749,-2.04亿
SZ300750,-74.55亿
SZ300751,4.03亿
SZ300752,-1.4亿
SZ300753,-0.22亿
SZ300755,0.63亿
SZ300756,-1.89亿
SZ300757,-3.78亿
SZ300758,-0.63亿
SZ300759,-2.42亿
SZ300760,72.91亿
SZ300761,-18.6亿
SZ300762,-0.97亿
SZ300763,-12.99亿
SZ300765,1.26亿
SZ300766,1.14亿
SZ300767,-4.18亿
SZ300768,2.45亿
SZ300769,-35.24亿
SZ300770,7.98亿
SZ300771,1.57亿
SZ300772,10.81亿
SZ300773,9.8亿
SZ300774,-0.54亿
SZ300775,2.12亿
SZ300776,0.13亿
SZ300777,-0.2亿
SZ300778,5.87百万
SZ300779,-5.9亿
SZ300780,-3.22亿
SZ300781,0.34亿
SZ300782,-22.26亿
SZ300783,4.24亿
SZ300785,3.09百万
SZ300786,-3.24亿
SZ300787,-1.58亿
SZ300788,1.47亿
SZ300789,-2.19百万
SZ300790,-2.99亿
SZ300791,-0.72亿
SZ300792,-2.22亿
SZ300793,-3.56亿
SZ300795,-9.97百万
SZ300796,-0.6亿
SZ300797,-0.32亿
SZ300798,-0.83亿
SZ300799,-1.3亿
SZ300800,-3.83万
SZ300801,1.86亿
SZ300802,8.76百万
SZ300803,6.79亿
SZ300805,0.73亿
SZ300806,-6.73亿
SZ300807,-1.44亿
SZ300808,-0.9亿
SZ300809,-0.12亿
SZ300811,-2.41亿
SZ300812,-0.73亿
SZ300813,0.16亿
SZ300814,-0.86亿
SZ300815,1.98亿
SZ300816,-1.02亿
SZ300817,8.49百万
SZ300818,-3.79亿
SZ300819,-0.83亿
SZ300820,-1.19亿
SZ300821,-7.68亿
SZ300822,-1.72亿
SZ300823,0.22亿
SZ300824,0.19亿
SZ300825,0.69亿
SZ300826,1.05亿
SZ300827,-2.34亿
SZ300828,-0.16亿
SZ300829,-3.24亿
SZ300830,0.12亿
SZ300831,0.61亿
SZ300832,4.64亿
SZ300833,0.45亿
SZ300834,0.22亿
SZ300835,-0.97亿
SZ300836,-1.36亿
SZ300837,-0.31亿
SZ300838,-1.12亿
SZ300839,-1.07亿
SZ300840,0.63亿
SZ300841,-2.74亿
SZ300842,1.66亿
SZ300843,-1.22亿
SZ300844,-1.18亿
SZ300845,-0.38亿
SZ300846,-4.6亿
SZ300847,0.92亿
SZ300848,-1.78亿
SZ300850,-9.0亿
SZ300851,-0.26亿
SZ300852,-0.2亿
SZ300853,-1.81亿
SZ300854,-1.02亿
SZ300855,-0.11亿
SZ300856,-1.85亿
SZ300857,-0.93亿
SZ300858,0.58亿
SZ300859,0.5亿
SZ300860,0.33亿
SZ300861,4.43亿
SZ300862,-0.41亿
SZ300863,-5.48亿
SZ300864,0.57亿
SZ300865,-1.37亿
SZ300866,-0.59亿
SZ300867,-5.06亿
SZ300868,-1.31亿
SZ300869,-0.85亿
SZ300870,-5.78亿
SZ300871,-4.88亿
SZ300872,-2.7亿
SZ300873,2.32亿
SZ300875,-1.42亿
SZ300876,-0.93亿
SZ300877,-1.84亿
SZ300878,-2.29亿
SZ300879,-2.21亿
SZ300880,1.15百万
SZ300881,-4.98亿
SZ300882,-0.26亿
SZ300883,-2.84亿
SZ300884,-0.73亿
SZ300885,0.13亿
SZ300886,-0.3亿
SZ300887,-3.9亿
SZ300888,3.48亿
SZ300889,-0.11亿
SZ300890,-1.74亿
SZ300891,-1.22亿
SZ300892,-0.77亿
SZ300893,-1.31亿
SZ300894,3.21亿
SZ300895,-1.45亿
SZ300896,9.99亿
SZ300897,-0.87亿
SZ300898,-7.61百万
SZ300899,0.27亿
SZ300900,-4.73亿
SZ300901,-1.58亿
SZ300902,0.39亿
SZ300903,-5.25亿
SZ300905,-2.1亿
SZ300906,0.25亿
SZ300907,-1.32亿
SZ300908,-1.76亿
SZ300909,-0.56亿
SZ300910,-1.59亿
SZ300911,0.4亿
SZ300912,-1.76亿
SZ300913,-0.52亿
SZ300915,0.74亿
SZ300916,1.1亿
SZ300917,2.59亿
SZ300918,1.84亿
SZ300919,-97.45亿
SZ300920,-0.84亿
SZ300921,8.74百万
SZ300922,0.45亿
SZ300923,-5.56百万
SZ300925,-2.45亿
SZ300926,-3.25亿
SZ300927,0.52亿
SZ300928,0.67亿
SZ300929,-1.19亿
SZ300930,0.41亿
SZ300931,-3.35亿
SZ300932,-2.61亿
SZ300933,-1.1亿
SZ300935,-0.12亿
SZ300936,-0.15亿
SZ300937,-1.4亿
SZ300938,-0.26亿
SZ300939,1.25亿
SZ300940,-7.88百万
SZ300941,1.34亿
SZ300942,0.19亿
SZ300943,0.18亿
SZ300945,-0.29亿
SZ300946,-0.57亿
SZ300947,4.27亿
SZ300948,-1.19亿
SZ300949,-1.32亿
SZ300950,3.24百万
SZ300951,1.09亿
SZ300952,-0.45亿
SZ300953,-9.69亿
SZ300955,-2.17亿
SZ300956,-4.56亿
SZ300957,6.01亿
SZ300958,7.89百万
SZ300959,-1.32亿
SZ300961,-5.32亿
SZ300962,1.18亿
SZ300963,-0.8亿
SZ300964,-9.54百万
SZ300965,-0.39亿
SZ300966,-1.32亿
SZ300967,-1.24亿
SZ300968,-1.31亿
SZ300969,-0.23亿
SZ300970,-1.16亿
SZ300971,1.01亿
SZ300972,5.71百万
SZ300973,-3.67亿
SZ300975,-7.55亿
SZ300976,-1.97亿
SZ300977,-8.78百万
SZ300978,-1.02亿
SZ300979,9.23亿
SZ300980,-0.54亿
SZ300981,7.73亿
SZ300982,-4.42亿
SZ300983,-1.38亿
SZ300984,-3.28亿
SZ300985,--
SZ300986,-1.79亿
SZ300987,0.14亿
SZ300988,-0.77亿
SZ300989,0.33亿
SZ300990,-1.77亿
SZ300991,-2.13亿
SZ300992,-0.89亿
SZ300993,-0.8亿
SZ300994,0.91亿
SZ300995,0.13亿
SZ300996,0.69亿
SZ300997,-5.37百万
SZ300998,-0.63亿
SZ300999,-88.36亿
SH600000,-4.12千亿
SH600004,-2.62亿
SH600005,25.43亿
SH600006,22.24亿
SH600007,17.95亿
SH600008,-56.72亿
SH600009,-9.26亿
SH600010,95.03亿
SH600011,-3.88百亿
SH600012,18.39亿
SH600015,1.24千亿
SH600016,2.27千亿
SH600017,8.22亿
SH600018,93.85亿
SH600019,3.09百亿
SH600021,-91.66亿
SH600022,23.54亿
SH600023,-41.61亿
SH600025,94.92亿
SH600026,2.96亿
SH600027,-1.87百亿
SH600028,4.07百亿
SH600030,1.23千亿
SH600031,37.83亿
SH600032,-6.72亿
SH600035,15.19亿
SH600036,1.91千亿
SH600038,2.51百万
SH600039,-41.36亿
SH600048,4.49亿
SH600050,3.71百亿
SH600051,-1.12亿
SH600052,-0.39亿
SH600053,1.12亿
SH600054,-2.45亿
SH600055,0.94亿
SH600056,-4.16亿
SH600057,0.31亿
SH600058,-8.21亿
SH600059,-1.28亿
SH600060,29.28亿
SH600062,6.18亿
SH600063,12.28亿
SH600064,11.38亿
SH600066,-4.15亿
SH600068,-50.73亿
SH600069,0.4亿
SH600070,-2.16亿
SH600072,-4.32亿
SH600073,-2.17亿
SH600074,-0.65亿
SH600075,25.49亿
SH600076,-2.99亿
SH600077,38.61亿
SH600078,4.15亿
SH600079,-11.7亿
SH600080,-0.63亿
SH600081,3.92亿
SH600082,--
SH600083,-2.56百万
SH600084,-0.8亿
SH600085,30.3亿
SH600087,4.62亿
SH600088,-1.53亿
SH600089,19.5亿
SH600090,-0.13亿
SH600091,-0.3亿
SH600093,-0.98亿
SH600094,55.27亿
SH600096,51.86亿
SH600097,0.93亿
SH600098,-15.15亿
SH600099,-1.22百万
SH600100,-17.49亿
SH600101,0.91亿
SH600103,4.16亿
SH600104,-81.74亿
SH600105,-11.49亿
SH600106,--
SH600107,-0.68亿
SH600108,0.31亿
SH600109,-8.7亿
SH600110,2.78亿
SH600111,46.67亿
SH600112,-0.45亿
SH600113,0.93亿
SH600114,-1.94亿
SH600115,-80.99亿
SH600117,13.41亿
SH600118,15.41亿
SH600119,0.83亿
SH600120,9.01亿
SH600121,4.35亿
SH600122,--
SH600123,33.43亿
SH600125,5.34亿
SH600126,25.97亿
SH600127,1.49亿
SH600128,-1.04亿
SH600131,4.53亿
SH600132,27.13亿
SH600133,2.98亿
SH600135,0.33亿
SH600136,-3.01亿
SH600137,0.4亿
SH600138,-0.49亿
SH600139,--
SH600141,46.81亿
SH600143,-56.02亿
SH600146,-0.73亿
SH600148,0.8亿
SH600149,-24.68万
SH600150,-20.47亿
SH600151,4.84亿
SH600152,-6.86亿
SH600153,71.16亿
SH600155,42.26亿
SH600156,-1.05亿
SH600157,45.53亿
SH600158,0.97亿
SH600160,-3.73亿
SH600161,-3.51亿
SH600162,5.78亿
SH600163,3.09亿
SH600165,-2.4亿
SH600166,0.12亿
SH600167,14.95亿
SH600168,-16.9亿
SH600169,-1.14亿
SH600170,23.79亿
SH600171,2.74亿
SH600172,3.86亿
SH600173,1.04亿
SH600175,-1.84亿
SH600176,17.43亿
SH600177,-24.19亿
SH600178,5.56亿
SH600179,23.35亿
SH600180,-12.82亿
SH600183,-2.78亿
SH600185,23.78亿
SH600186,0.16亿
SH600187,2.12亿
SH600188,2.51百亿
SH600189,2.81亿
SH600191,--
SH600192,-0.47亿
SH600193,--
SH600195,-1.11亿
SH600196,-11.19亿
SH600197,1.22亿
SH600198,-1.87亿
SH600199,-5.47亿
SH600201,1.24亿
SH600202,1.57亿
SH600203,-4.73亿
SH600206,0.99亿
SH600207,-7.4亿
SH600208,1.29百亿
SH600209,0.69亿
SH600210,3.04亿
SH600211,0.86亿
SH600212,-0.16亿
SH600215,-2.98亿
SH600217,1.08亿
SH600218,-1.44亿
SH600219,34.67亿
SH600221,-50.74亿
SH600222,-0.51亿
SH600223,59.7亿
SH600225,-6.19百万
SH600226,-0.24亿
SH600227,-1.81亿
SH600228,0.43亿
SH600229,3.04亿
SH600230,-16.14亿
SH600231,6.87亿
SH600232,2.07亿
SH600233,-1.99亿
SH600234,-1.11亿
SH600235,0.9亿
SH600236,26.64亿
SH600237,0.47亿
SH600238,-2.08亿
SH600239,2.62百亿
SH600240,--
SH600242,--
SH600243,1.09亿
SH600246,1.9亿
SH600247,--
SH600248,-27.7亿
SH600249,-0.55亿
SH600251,-7.49亿
SH600252,-4.51亿
SH600255,-2.78亿
SH600256,41.57亿
SH600257,-0.15亿
SH600258,14.48亿
SH600259,0.28亿
SH600260,-3.5亿
SH600261,3.41亿
SH600262,1.47亿
SH600265,-0.75亿
SH600266,70.54亿
SH600267,11.31亿
SH600268,4.73亿
SH600270,0.11亿
SH600271,3.05亿
SH600272,-2.07亿
SH600273,15.97亿
SH600275,-69.71万
SH600276,21.02亿
SH600277,9.74亿
SH600278,-5.73亿
SH600279,-1.15亿
SH600280,4.5亿
SH600281,-2.18亿
SH600282,8.77亿
SH600283,0.85亿
SH600284,1.95亿
SH600285,6.37亿
SH600287,-7.94亿
SH600288,-0.79亿
SH600289,0.22亿
SH600290,-0.67亿
SH600291,--
SH600292,3.38亿
SH600293,7.4亿
SH600295,1.0百亿
SH600297,-5.34亿
SH600298,-7.05亿
SH600299,3.9亿
SH600300,1.01亿
SH600302,-0.71亿
SH600303,-5.0亿
SH600305,0.88亿
SH600306,--
SH600307,35.27亿
SH600308,8.07亿
SH600309,23.49亿
SH600310,-0.37亿
SH600311,3.76百万
SH600312,11.95亿
SH600313,0.65亿
SH600315,8.98亿
SH600316,-2.53亿
SH600317,16.0亿
SH600318,4.5亿
SH600319,-3.36亿
SH600320,0.31亿
SH600321,0.42亿
SH600322,18.32亿
SH600323,-16.61亿
SH600325,1.24百亿
SH600326,0.62亿
SH600327,2.71亿
SH600329,6.56亿
SH600330,0.45亿
SH600331,0.61亿
SH600332,36.06亿
SH600333,0.17亿
SH600335,2.27亿
SH600336,-6.34亿
SH600338,3.58亿
SH600339,-15.59亿
SH600340,-9.22亿
SH600343,2.51亿
SH600345,-0.2亿
SH600346,72.02亿
SH600348,57.79亿
SH600350,17.23亿
SH600351,2.88亿
SH600352,39.51亿
SH600353,-1.02亿
SH600354,1.18亿
SH600355,3.87百万
SH600356,-77.35万
SH600358,-0.38亿
SH600359,-0.37亿
SH600361,8.24亿
SH600362,59.68亿
SH600365,-2.91亿
SH600366,-18.64亿
SH600367,1.91亿
SH600368,15.66亿
SH600370,-4.77亿
SH600371,0.84亿
SH600372,-2.24亿
SH600373,21.75亿
SH600375,1.98亿
SH600376,17.2亿
SH600377,32.16亿
SH600378,1.26亿
SH600379,1.28亿
SH600380,14.68亿
SH600381,-0.59亿
SH600382,7.26亿
SH600383,1.39百亿
SH600385,0.28亿
SH600386,3.54亿
SH600387,6.97亿
SH600388,-5.46亿
SH600389,12.62亿
SH600390,66.47亿
SH600392,20.91亿
SH600393,--
SH600395,1.58亿
SH600396,-7.42亿
SH600397,-0.75亿
SH600398,35.14亿
SH600399,5.02亿
SH600400,-0.65亿
SH600401,2.94亿
SH600403,61.78亿
SH600405,-0.48亿
SH600406,30.01亿
SH600409,23.04亿
SH600410,-1.66亿
SH600415,-3.27亿
SH600416,-6.82亿
SH600418,18.7亿
SH600419,-1.49亿
SH600421,-7.53百万
SH600422,-0.33亿
SH600426,22.13亿
SH600428,9.25亿
SH600429,0.34亿
SH600432,-1.72亿
SH600433,13.74亿
SH600435,0.6亿
SH600436,1.97亿
SH600438,-65.48亿
SH600439,0.83亿
SH600444,0.25亿
SH600446,-4.76亿
SH600448,-1.71亿
SH600452,1.37亿
SH600455,--
SH600456,1.8亿
SH600458,-3.8亿
SH600459,-1.97亿
SH600460,-3.28亿
SH600462,--
SH600463,-1.1亿
SH600466,-18.88亿
SH600467,1.31亿
SH600468,1.26亿
SH600469,1.03亿
SH600470,3.47亿
SH600475,0.22亿
SH600476,-0.28亿
SH600477,-17.2亿
SH600478,1.38亿
SH600479,2.87亿
SH600480,8.38亿
SH600481,-10.46亿
SH600482,27.29亿
SH600483,-42.82亿
SH600485,-0.36亿
SH600486,6.14亿
SH600487,-10.76亿
SH600489,34.98亿
SH600491,-12.4亿
SH600493,-0.88亿
SH600495,0.29亿
SH600496,-1.53亿
SH600497,28.21亿
SH600498,-10.36亿
SH600499,4.77亿
SH600500,-56.97亿
SH600501,-4.17亿
SH600502,-79.86亿
SH600503,-0.97亿
SH600505,-3.81亿
SH600506,-5.61百万
SH600507,51.98亿
SH600508,3.1亿
SH600509,8.09百万
SH600510,-28.4亿
SH600512,1.89亿
SH600513,-0.35亿
SH600515,-12.87亿
SH600516,-4.14亿
SH600517,-2.74亿
SH600518,-1.83亿
SH600519,5.54百亿
SH600520,0.47亿
SH600521,-15.14亿
SH600522,-25.17亿
SH600523,1.54亿
SH600525,-2.24亿
SH600526,-0.32亿
SH600527,-0.45亿
SH600528,-1.89亿
SH600529,0.25亿
SH600530,0.74亿
SH600531,3.6亿
SH600532,-0.49亿
SH600535,19.63亿
SH600536,0.39亿
SH600537,-5.14亿
SH600538,-0.21亿
SH600539,-0.52亿
SH600540,-10.44亿
SH600543,-0.46亿
SH600545,-8.04亿
SH600546,1.69百亿
SH600547,-18.14亿
SH600548,18.65亿
SH600549,-8.91亿
SH600550,0.33亿
SH600551,3.59亿
SH600552,3.35亿
SH600555,0.42亿
SH600556,-4.85亿
SH600557,8.43亿
SH600558,0.52亿
SH600559,9.58亿
SH600560,0.44亿
SH600561,0.58亿
SH600562,-2.17亿
SH600563,6.77亿
SH600565,-0.93亿
SH600566,18.88亿
SH600567,-24.61亿
SH600568,-0.13亿
SH600569,7.77亿
SH600570,0.41亿
SH600571,-0.41亿
SH600572,2.66亿
SH600573,0.49亿
SH600575,9.51亿
SH600576,--
SH600577,-6.01亿
SH600578,-44.31亿
SH600579,-0.54亿
SH600581,1.52亿
SH600582,37.8亿
SH600583,22.57亿
SH600584,32.04亿
SH600585,1.21百亿
SH600586,10.27亿
SH600588,0.31亿
SH600590,-8.68亿
SH600592,-0.63亿
SH600593,-3.01百万
SH600594,1.77亿
SH600595,14.37亿
SH600596,25.11亿
SH600597,-1.71亿
SH600598,13.48亿
SH600600,27.71亿
SH600601,-1.62亿
SH600603,17.56亿
SH600606,4.72百亿
SH600608,--
SH600609,2.82亿
SH600610,1.57亿
SH600611,5.91亿
SH600612,51.77亿
SH600613,1.13亿
SH600614,--
SH600615,-0.58亿
SH600616,0.59亿
SH600617,11.39亿
SH600618,-1.88亿
SH600619,-1.61亿
SH600620,-4.07亿
SH600621,-2.96亿
SH600622,26.24亿
SH600623,10.73亿
SH600624,0.23亿
SH600629,3.13亿
SH600630,-0.31亿
SH600633,4.79亿
SH600634,--
SH600635,4.74亿
SH600636,0.99亿
SH600638,5.93亿
SH600639,4.41亿
SH600640,-7.55百万
SH600641,3.18亿
SH600642,-14.18亿
SH600643,-26.13亿
SH600644,1.12亿
SH600645,1.65亿
SH600647,--
SH600648,49.91亿
SH600649,-94.05亿
SH600650,-1.45亿
SH600651,-2.69亿
SH600652,-0.48亿
SH600653,1.87亿
SH600654,-0.35亿
SH600655,-83.24亿
SH600656,--
SH600657,12.74亿
SH600658,24.31亿
SH600660,29.18亿
SH600661,-7.4亿
SH600662,14.06亿
SH600663,-36.86亿
SH600664,0.73亿
SH600665,4.62亿
SH600666,0.16亿
SH600667,2.13亿
SH600668,1.96亿
SH600671,-0.34亿
SH600673,5.36亿
SH600674,-3.08亿
SH600675,34.77亿
SH600676,0.95亿
SH600677,4.02亿
SH600678,0.51亿
SH600679,0.44亿
SH600680,0.68亿
SH600681,5.8亿
SH600683,26.35亿
SH600684,-8.57亿
SH600686,8.66亿
SH600687,-0.34亿
SH600688,-6.59亿
SH600689,-0.23亿
SH600690,1.4百亿
SH600691,5.82亿
SH600693,-8.64亿
SH600694,2.37亿
SH600695,--
SH600696,0.5亿
SH600697,10.58亿
SH600698,0.59亿
SH600699,-9.24亿
SH600701,-0.31亿
SH600702,20.06亿
SH600703,-70.94亿
SH600704,-58.31亿
SH600706,-0.72亿
SH600708,56.97亿
SH600711,3.05亿
SH600712,-0.36亿
SH600713,2.61亿
SH600714,0.93亿
SH600715,1.54亿
SH600716,-1.47亿
SH600719,-2.58亿
SH600720,4.3亿
SH600721,0.3亿
SH600722,1.51亿
SH600723,5.85亿
SH600724,0.59亿
SH600725,4.39百万
SH600726,-15.22亿
SH600728,3.07亿
SH600730,2.08亿
SH600731,4.03百万
SH600732,6.22亿
SH600733,11.64亿
SH600734,-0.38亿
SH600735,0.66亿
SH600736,-76.85亿
SH600737,8.45亿
SH600738,-1.71亿
SH600739,0.44亿
SH600740,5.27亿
SH600741,34.23亿
SH600742,10.8亿
SH600743,74.34亿
SH600744,-15.08亿
SH600745,-29.39亿
SH600746,17.59亿
SH600747,6.64百万
SH600748,-14.18亿
SH600749,-0.35亿
SH600750,6.08亿
SH600751,27.08亿
SH600753,--
SH600755,-38.17亿
SH600756,1.52亿
SH600759,5.74亿
SH600760,84.67亿
SH600763,3.99亿
SH600764,-1.44亿
SH600765,-0.66亿
SH600766,--
SH600767,-8.83百万
SH600768,0.16亿
SH600769,0.33亿
SH600770,-2.75百万
SH600771,1.63亿
SH600773,6.3亿
SH600774,1.76亿
SH600775,2.73亿
SH600776,2.21亿
SH600777,13.67亿
SH600778,0.85亿
SH600779,6.47亿
SH600780,3.72亿
SH600781,0.64亿
SH600782,19.86亿
SH600783,-0.92亿
SH600784,2.44亿
SH600785,3.16亿
SH600787,17.52亿
SH600789,-1.85亿
SH600791,4.81亿
SH600792,-1.3亿
SH600793,3.93亿
SH600794,0.17亿
SH600795,3.62亿
SH600796,1.31亿
SH600797,2.03亿
SH600798,6.21亿
SH600800,-2.13亿
SH600801,7.14百万
SH600802,-0.29亿
SH600803,13.49亿
SH600804,-8.16亿
SH600805,-1.43亿
SH600806,0.82亿
SH600807,-8.9亿
SH600808,84.42亿
SH600809,1.08百亿
SH600810,-4.68亿
SH600811,3.05亿
SH600812,5.31亿
SH600814,10.88亿
SH600816,1.42亿
SH600817,0.9亿
SH600818,0.15亿
SH600819,1.44亿
SH600820,47.51亿
SH600821,-44.98亿
SH600823,-1.43百亿
SH600824,2.28亿
SH600825,5.12亿
SH600826,57.61万
SH600827,22.17亿
SH600828,10.22亿
SH600830,-6.95亿
SH600831,-11.61亿
SH600832,9.53亿
SH600833,-0.39亿
SH600836,1.83亿
SH600837,4.16百亿
SH600838,3.83百万
SH600839,19.66亿
SH600841,-31.52亿
SH600843,-0.21亿
SH600844,1.5亿
SH600845,19.11亿
SH600846,24.89亿
SH600847,9.3百万
SH600848,-8.66亿
SH600850,3.11亿
SH600853,-30.9亿
SH600854,2.9亿
SH600855,-0.91亿
SH600857,0.21亿
SH600858,0.12亿
SH600859,10.82亿
SH600860,-1.01亿
SH600861,0.42亿
SH600862,4.91亿
SH600864,5.84亿
SH600865,0.74亿
SH600866,-1.2百万
SH600867,4.3亿
SH600868,-0.28亿
SH600869,8.93亿
SH600871,21.75亿
SH600872,5.49亿
SH600873,38.99亿
SH600874,3.55亿
SH600875,-49.91亿
SH600876,-19.37亿
SH600877,-0.46亿
SH600879,-12.31亿
SH600880,0.65亿
SH600881,-3.64亿
SH600882,-3.48亿
SH600883,-0.19亿
SH600884,-21.85亿
SH600885,2.12亿
SH600886,52.3亿
SH600887,82.94亿
SH600888,6.92亿
SH600889,-3.0亿
SH600890,-0.44亿
SH600891,0.25亿
SH600893,1.28百亿
SH600894,-1.31亿
SH600895,-18.87亿
SH600896,-2.26亿
SH600897,3.31亿
SH600898,-2.2亿
SH600900,3.2百亿
SH600901,-20.5亿
SH600903,-2.07亿
SH600905,-2.23百亿
SH600906,-4.04亿
SH600909,-3.03亿
SH600916,-2.12亿
SH600918,57.17亿
SH600919,1.35千亿
SH600926,-7.55百亿
SH600928,1.58百亿
SH600929,-1.83亿
SH600933,-6.4亿
SH600935,11.09亿
SH600936,-1.31亿
SH600939,-1.07亿
SH600941,1.02千亿
SH600955,8.74亿
SH600956,-32.75亿
SH600958,-2.88百亿
SH600959,4.95亿
SH600960,-1.7亿
SH600961,5.52亿
SH600962,1.26亿
SH600963,0.58亿
SH600965,-0.47亿
SH600966,15.17亿
SH600967,-23.08亿
SH600968,25.51亿
SH600969,-1.17亿
SH600970,10.59亿
SH600971,15.9亿
SH600973,2.58亿
SH600975,-7.73亿
SH600976,0.49亿
SH600977,11.23亿
SH600978,-2.83亿
SH600980,-0.18亿
SH600981,-2.14亿
SH600982,-4.19亿
SH600983,-6.03亿
SH600984,-22.16亿
SH600985,64.65亿
SH600986,-5.1亿
SH600987,3.86亿
SH600988,-6.93亿
SH600989,1.94亿
SH600990,-8.45百万
SH600992,-2.49亿
SH600993,5.22亿
SH600995,-6.29百万
SH600996,-8.69亿
SH600997,37.38亿
SH600998,18.62亿
SH600999,7.89亿
SH601000,12.99亿
SH601001,48.89亿
SH601002,-3.87亿
SH601003,24.05亿
SH601005,16.0亿
SH601006,1.18百亿
SH601007,2.0亿
SH601008,10.69亿
SH601009,5.94百亿
SH601010,1.38亿
SH601011,-0.74亿
SH601012,87.64亿
SH601015,-0.29亿
SH601018,39.15亿
SH601019,16.82亿
SH601020,0.18亿
SH601021,-51.75亿
SH601028,0.44亿
SH601038,3.79亿
SH601058,-22.31亿
SH601066,-1.47亿
SH601069,1.12亿
SH601077,7.74百亿
SH601086,0.89亿
SH601088,8.19百亿
SH601098,5.45亿
SH601099,14.08亿
SH601100,21.86亿
SH601101,27.55亿
SH601106,10.62亿
SH601107,-19.34亿
SH601108,20.11亿
SH601111,-4.96亿
SH601113,3.22亿
SH601117,-64.35亿
SH601118,1.17亿
SH601126,3.89亿
SH601127,-38.31亿
SH601128,-21.51亿
SH601137,-12.0亿
SH601138,-23.66亿
SH601139,-18.96亿
SH601155,1.3百亿
SH601156,65.95亿
SH601158,-1.11亿
SH601162,14.78亿
SH601163,4.15亿
SH601166,-3.49千亿
SH601168,54.28亿
SH601169,-6.48百亿
SH601177,0.51亿
SH601179,25.88亿
SH601186,-3.3百亿
SH601187,72.97亿
SH601188,1.98亿
SH601198,1.77百亿
SH601199,1.96亿
SH601200,-7.76亿
SH601208,-7.7亿
SH601211,4.12百亿
SH601212,-1.58亿
SH601216,63.86亿
SH601218,2.43亿
SH601222,8.59亿
SH601225,4.51百亿
SH601226,3.24亿
SH601228,-22.42亿
SH601229,3.3百亿
SH601231,-10.11亿
SH601233,-96.34亿
SH601236,-54.89亿
SH601238,-98.26亿
SH601258,-10.94亿
SH601268,-2.77亿
SH601279,-3.64亿
SH601288,1.96千亿
SH601298,12.32亿
SH601299,1.55百亿
SH601311,5.2亿
SH601318,2.63千亿
SH601319,6.95百亿
SH601326,10.89亿
SH601328,1.25千亿
SH601330,-9.34亿
SH601333,0.72亿
SH601336,8.03百亿
SH601339,9.83亿
SH601360,-3.31亿
SH601366,-6.47亿
SH601368,-14.24亿
SH601369,1.3亿
SH601375,-24.34亿
SH601377,82.02亿
SH601388,8.11亿
SH601390,-6.01百亿
SH601398,9.33千亿
SH601399,-3.01亿
SH601456,-1.02百亿
SH601500,-8.96亿
SH601512,-9.34亿
SH601515,3.96亿
SH601518,6.69亿
SH601519,1.05亿
SH601528,60.17亿
SH601555,2.64百亿
SH601558,-2.08亿
SH601566,-0.1亿
SH601567,-2.31亿
SH601568,23.2亿
SH601577,89.09亿
SH601579,1.12亿
SH601588,66.17亿
SH601598,33.76亿
SH601599,3.45亿
SH601600,3.19百亿
SH601601,1.16千亿
SH601606,-1.1亿
SH601607,-4.43亿
SH601608,5.59亿
SH601609,-26.31亿
SH601611,-1.15百亿
SH601615,-51.28亿
SH601618,1.26百亿
SH601619,1.88亿
SH601628,2.95千亿
SH601633,87.83亿
SH601636,26.38亿
SH601658,1.26千亿
SH601665,3.19百亿
SH601666,47.58亿
SH601668,-9.51百亿
SH601669,-1.57百亿
SH601677,16.61亿
SH601678,-5.06亿
SH601686,-19.69亿
SH601688,-3.86百亿
SH601689,-24.09亿
SH601696,68.24亿
SH601698,10.41亿
SH601699,75.66亿
SH601700,-0.59亿
SH601702,-2.03亿
SH601717,21.34亿
SH601727,-1.01百亿
SH601728,4.95百亿
SH601766,1.88百亿
SH601777,-2.18亿
SH601778,-10.15亿
SH601788,77.62亿
SH601789,-8.41亿
SH601798,0.28亿
SH601799,-4.36亿
SH601800,-4.38百亿
SH601811,17.25亿
SH601816,1.22百亿
SH601818,-2.63千亿
SH601825,4.4百亿
SH601827,-7.03亿
SH601828,39.24亿
SH601838,-27.73亿
SH601857,1.47千亿
SH601858,4.45亿
SH601860,-56.83亿
SH601865,-27.45亿
SH601866,-1.11百亿
SH601868,-59.91亿
SH601869,-4.26亿
SH601872,39.56亿
SH601877,-51.95亿
SH601878,1.12亿
SH601880,0.26亿
SH601881,6.48百亿
SH601882,4.01亿
SH601886,3.19亿
SH601888,45.4亿
SH601890,0.58亿
SH601899,68.58亿
SH601900,13.78亿
SH601908,-4.2亿
SH601916,7.88百亿
SH601918,38.25亿
SH601919,1.97千亿
SH601921,13.67亿
SH601928,21.79亿
SH601929,-1.13亿
SH601933,54.5亿
SH601939,6.38千亿
SH601949,8.74亿
SH601952,10.71亿
SH601956,-3.99亿
SH601958,6.79亿
SH601963,-1.27百亿
SH601965,4.27亿
SH601966,-37.75亿
SH601968,-4.31亿
SH601969,8.61亿
SH601975,2.92亿
SH601988,-5.63百亿
SH601989,-54.52亿
SH601990,-0.38亿
SH601991,-58.19亿
SH601992,75.95亿
SH601995,4.77百亿
SH601996,-2.69亿
SH601997,-2.1百亿
SH601998,-1.9百亿
SH601999,1.72亿
SH603000,3.94亿
SH603001,2.87亿
SH603002,3.99亿
SH603005,1.81亿
SH603007,1.26亿
SH603009,-1.44亿
SH603010,4.07亿
SH603011,-2.03亿
SH603012,3.68亿
SH603013,6.7亿
SH603015,-1.08亿
SH603016,0.42亿
SH603017,3.54亿
SH603018,--
SH603019,-29.92亿
SH603020,-1.68亿
SH603021,-0.88亿
SH603022,-0.21亿
SH603023,0.27亿
SH603025,2.6亿
SH603026,7.63亿
SH603027,-0.1亿
SH603028,-0.36亿
SH603029,0.93亿
SH603030,8.27百万
SH603031,2.61亿
SH603032,0.51亿
SH603033,-1.45亿
SH603035,2.36亿
SH603036,-0.12亿
SH603037,0.15亿
SH603038,-2.11亿
SH603039,2.22亿
SH603040,0.25亿
SH603041,-0.72亿
SH603042,-0.97亿
SH603043,5.0亿
SH603045,2.2亿
SH603048,-0.32亿
SH603050,-4.39亿
SH603053,4.66亿
SH603055,-0.45亿
SH603056,-7.54亿
SH603058,-1.38亿
SH603059,-0.49亿
SH603060,-0.85亿
SH603063,-2.3亿
SH603068,0.61亿
SH603069,-2.04亿
SH603071,3.37亿
SH603076,-3.72亿
SH603077,15.35亿
SH603078,-2.86亿
SH603079,-0.55亿
SH603080,1.07亿
SH603081,-6.25亿
SH603083,-0.43亿
SH603085,-0.21亿
SH603086,1.4亿
SH603087,4.9亿
SH603088,1.34亿
SH603089,-2.85亿
SH603090,-0.96亿
SH603093,50.02亿
SH603095,0.31亿
SH603096,1.35亿
SH603098,1.03亿
SH603099,-0.23亿
SH603100,7.63亿
SH603101,-0.13亿
SH603102,0.27亿
SH603103,1.25亿
SH603105,7.61百万
SH603106,5.3百万
SH603108,-0.61亿
SH603109,-0.47亿
SH603110,-0.33亿
SH603111,2.78亿
SH603112,-2.11亿
SH603113,-6.19亿
SH603115,0.8亿
SH603116,2.06亿
SH603117,-6.23亿
SH603118,-0.89亿
SH603121,-0.4亿
SH603122,0.47亿
SH603123,3.56百万
SH603126,-0.63亿
SH603127,4.62亿
SH603128,4.56亿
SH603129,-3.38亿
SH603131,-8.2百万
SH603133,-1.05亿
SH603136,-0.32亿
SH603138,-0.15亿
SH603139,-1.88亿
SH603150,-1.8亿
SH603155,1.9亿
SH603156,16.09亿
SH603157,0.33亿
SH603158,-0.47亿
SH603159,0.44亿
SH603160,-6.91亿
SH603161,1.95亿
SH603165,0.43亿
SH603166,0.51亿
SH603167,1.88亿
SH603168,-0.67亿
SH603169,-1.0亿
SH603171,-1.54亿
SH603176,-1.75亿
SH603177,-1.58亿
SH603178,0.18亿
SH603179,-2.01亿
SH603180,-2.19亿
SH603181,-0.45亿
SH603183,-0.18亿
SH603185,6.48亿
SH603186,-9.04亿
SH603187,-2.64亿
SH603188,-3.8亿
SH603189,-2.08亿
SH603192,0.62亿
SH603195,23.81亿
SH603196,0.31亿
SH603197,-2.75亿
SH603198,16.08亿
SH603199,0.48亿
SH603200,-0.25亿
SH603203,2.11亿
SH603208,-2.01亿
SH603212,-2.48亿
SH603213,-1.38亿
SH603214,-1.43亿
SH603216,1.91亿
SH603217,1.17百万
SH603218,5.7亿
SH603219,-1.88亿
SH603220,-0.93亿
SH603221,-3.85亿
SH603222,0.73亿
SH603223,-1.38亿
SH603225,-44.38亿
SH603226,-10.0百万
SH603227,0.53亿
SH603228,-16.35亿
SH603229,-1.56亿
SH603230,2.87亿
SH603232,-1.6亿
SH603236,-11.54亿
SH603238,-0.14亿
SH603239,-1.83亿
SH603256,-3.16亿
SH603258,1.18亿
SH603259,-36.53亿
SH603260,3.24百万
SH603261,-8.57百万
SH603266,0.94亿
SH603267,3.05亿
SH603269,-0.33亿
SH603278,2.6亿
SH603279,3.62亿
SH603283,-0.26亿
SH603286,-1.4亿
SH603288,41.49亿
SH603289,0.45亿
SH603290,0.74亿
SH603297,0.78亿
SH603298,-5.38亿
SH603299,7.1亿
SH603300,2.71亿
SH603301,-0.39亿
SH603303,1.38亿
SH603305,-8.54亿
SH603306,0.78亿
SH603308,-6.75亿
SH603311,7.81百万
SH603313,-4.75亿
SH603315,-1.4亿
SH603316,-2.0亿
SH603317,0.78亿
SH603318,1.72亿
SH603319,-0.94亿
SH603320,-0.61亿
SH603321,-0.14亿
SH603322,-1.98亿
SH603323,-17.85亿
SH603324,-1.45亿
SH603326,-9.86百万
SH603327,-2.19亿
SH603328,-1.62亿
SH603329,-2.12亿
SH603330,-2.35亿
SH603331,-1.46亿
SH603332,-0.73亿
SH603333,-0.2亿
SH603335,-2.03亿
SH603336,-0.71亿
SH603337,-15.91亿
SH603338,0.54亿
SH603339,2.4百万
SH603345,-7.15百万
SH603348,-3.93亿
SH603351,-1.36亿
SH603353,-0.77亿
SH603355,4.62亿
SH603356,-1.88亿
SH603357,0.12亿
SH603359,-2.9亿
SH603360,0.2亿
SH603363,-13.44亿
SH603365,4.15亿
SH603366,-8.7百万
SH603367,2.4亿
SH603368,2.54亿
SH603369,23.7亿
SH603377,-3.2亿
SH603378,-14.28亿
SH603379,2.74亿
SH603380,-1.64亿
SH603383,0.94亿
SH603385,-2.95亿
SH603386,0.57亿
SH603387,2.94亿
SH603388,3.13亿
SH603390,-2.11亿
SH603392,8.87亿
SH603393,12.85亿
SH603396,-2.33亿
SH603398,-0.49亿
SH603399,6.68亿
SH603408,0.17亿
SH603416,1.81亿
SH603421,1.93亿
SH603429,1.94亿
SH603444,24.03亿
SH603456,4.48亿
SH603458,1.16亿
SH603466,--
SH603477,-12.66亿
SH603486,14.34亿
SH603488,0.16亿
SH603489,1.13亿
SH603496,-1.04亿
SH603499,-0.2亿
SH603500,-0.47亿
SH603501,-3.25亿
SH603505,0.41亿
SH603506,1.75亿
SH603507,1.51亿
SH603508,0.16亿
SH603511,1.16亿
SH603515,3.67亿
SH603516,0.7亿
SH603517,5.01亿
SH603518,5.23亿
SH603520,0.33亿
SH603527,-7.36百万
SH603528,0.63亿
SH603529,22.29亿
SH603536,0.4亿
SH603538,-2.17亿
SH603551,1.32亿
SH603555,-6.06亿
SH603556,-0.32亿
SH603557,--
SH603558,-4.78百万
SH603565,32.76亿
SH603566,-1.29亿
SH603567,-4.94亿
SH603568,-12.01亿
SH603569,-0.68亿
SH603577,-3.96亿
SH603578,-1.15亿
SH603579,0.98亿
SH603580,-0.7亿
SH603583,-4.4亿
SH603585,0.53亿
SH603586,-0.6亿
SH603587,7.45亿
SH603588,-9.44亿
SH603589,6.4亿
SH603590,-0.81亿
SH603595,-6.26亿
SH603596,0.42亿
SH603598,1.57亿
SH603599,17.48亿
SH603601,0.41亿
SH603602,0.36亿
SH603603,2.01亿
SH603605,9.33亿
SH603606,-8.63亿
SH603607,1.01亿
SH603608,-2.28亿
SH603609,-6.47亿
SH603610,-0.92亿
SH603611,-1.31亿
SH603612,-18.98亿
SH603613,1.94亿
SH603615,-0.25亿
SH603616,-0.48亿
SH603617,-3.33亿
SH603618,-14.08亿
SH603619,1.72亿
SH603626,-0.19亿
SH603628,0.73亿
SH603630,-0.39亿
SH603633,-1.53亿
SH603636,-0.7亿
SH603637,0.41亿
SH603638,-1.04亿
SH603639,-3.34亿
SH603648,2.09亿
SH603650,-3.53亿
SH603655,0.3亿
SH603656,-1.14亿
SH603657,0.62亿
SH603658,3.86亿
SH603659,-17.02亿
SH603660,-2.76亿
SH603662,0.53亿
SH603663,0.51亿
SH603666,-1.02亿
SH603667,-2.8亿
SH603668,-8.4亿
SH603669,0.76亿
SH603676,1.38亿
SH603677,-7.38百万
SH603678,-1.31亿
SH603679,1.16百万
SH603680,4.42亿
SH603681,-8.84亿
SH603682,4.27亿
SH603683,-0.17亿
SH603685,-2.17亿
SH603686,-1.58亿
SH603687,-1.14亿
SH603688,-0.67亿
SH603689,0.39亿
SH603690,-11.79亿
SH603696,0.59亿
SH603697,0.61亿
SH603698,2.79亿
SH603699,5.19亿
SH603700,-0.23亿
SH603703,-0.26亿
SH603706,2.28亿
SH603707,3.76亿
SH603708,9.61亿
SH603709,-1.49亿
SH603712,-3.9亿
SH603713,-2.37亿
SH603716,-2.94亿
SH603717,-2.51亿
SH603718,-0.45亿
SH603719,2.85亿
SH603721,0.18亿
SH603722,1.48亿
SH603725,1.82亿
SH603726,1.45亿
SH603727,-7.63亿
SH603728,-0.4亿
SH603729,--
SH603730,0.25亿
SH603733,-2.62亿
SH603737,-15.76亿
SH603738,2.07亿
SH603755,0.13亿
SH603757,-0.59亿
SH603758,0.86亿
SH603759,-1.5亿
SH603767,1.19亿
SH603776,-0.88亿
SH603777,4.43亿
SH603778,-1.33亿
SH603779,0.5亿
SH603786,-0.12亿
SH603787,1.04亿
SH603788,1.43亿
SH603789,0.38亿
SH603790,-1.14亿
SH603797,-5.81亿
SH603798,0.58亿
SH603799,-1.01百亿
SH603800,-1.78亿
SH603801,0.42亿
SH603803,0.71亿
SH603806,-0.75亿
SH603808,1.48亿
SH603809,-2.82亿
SH603810,-1.15亿
SH603811,-0.44亿
SH603813,0.82亿
SH603815,-4.6亿
SH603816,-3.69亿
SH603817,-1.55亿
SH603818,3.68亿
SH603819,-5.9百万
SH603822,-2.78亿
SH603823,-0.46亿
SH603825,-2.38亿
SH603826,-3.75亿
SH603828,-5.13亿
SH603829,-0.93亿
SH603833,26.9亿
SH603836,2.4亿
SH603838,0.27亿
SH603843,-0.13亿
SH603848,-52.93万
SH603855,3.22亿
SH603856,-1.87亿
SH603858,9.02亿
SH603859,-1.52亿
SH603860,-0.46亿
SH603861,0.32亿
SH603863,-3.12亿
SH603866,-0.47亿
SH603867,-1.24亿
SH603868,6.94亿
SH603869,5.56亿
SH603871,-7.99亿
SH603876,8.83亿
SH603877,9.45亿
SH603878,1.29亿
SH603880,-3.45亿
SH603881,-0.25亿
SH603882,10.18亿
SH603883,15.86亿
SH603885,-4.26亿
SH603886,5.43亿
SH603887,-4.86亿
SH603888,2.78亿
SH603890,-3.84亿
SH603893,-2.75百万
SH603895,-2.49亿
SH603896,1.23亿
SH603897,-7.29亿
SH603898,1.02亿
SH603899,10.54亿
SH603900,--
SH603901,-3.62亿
SH603903,-1.65亿
SH603906,-19.26亿
SH603908,-1.26亿
SH603909,0.21亿
SH603912,-0.11亿
SH603915,-0.18亿
SH603916,-0.43亿
SH603917,1.36亿
SH603918,0.41亿
SH603919,5.3亿
SH603920,-5.24亿
SH603922,1.45亿
SH603926,0.27亿
SH603927,1.47亿
SH603928,-1.32亿
SH603929,0.95亿
SH603931,4.66百万
SH603933,-1.14亿
SH603936,-4.63亿
SH603937,0.2亿
SH603938,-1.54亿
SH603939,14.0亿
SH603948,2.04亿
SH603949,1.44亿
SH603950,3.2亿
SH603956,-3.47亿
SH603958,8.93百万
SH603959,2.27亿
SH603960,-1.15亿
SH603966,-0.76亿
SH603967,-1.39亿
SH603968,-0.46亿
SH603969,0.61亿
SH603976,-1.66亿
SH603977,1.61亿
SH603978,-1.74亿
SH603980,-0.42亿
SH603982,-9.6亿
SH603983,-1.47亿
SH603985,-0.98亿
SH603986,11.94亿
SH603987,-1.95亿
SH603988,--
SH603989,0.83亿
SH603990,-0.22亿
SH603991,--
SH603993,-26.36亿
SH603995,-11.97亿
SH603996,--
SH603997,1.02亿
SH603998,0.31亿
SH603999,0.85亿
